date,press,region,title,sub_title,description,content,article_url,image_url
2026-02-24,kwangju,jeonnam,청년 고용 한파에 광주·전남 고용률 ‘뚝’,광주 서·남구 청년 고용률 7% 격차 전남 신안·완도 제외 전반적 약세 비경제활동인구 비중도 크게 늘어,"청년 고용 시장이 위축되면서 광주·전남 고용지표도 일제히 약화한 것으로 나타났다. 특히 청년층(15~29세) 고용 부진과 비경제활동인구 확대가 맞물리며 지역 고용률 하락에 영향을 주고 있다.
24일 국가데이터처가 ...","청년 고용 시장이 위축되면서 광주·전남 고용지표도 일제히 약화한 것으로 나타났다. 특히 청년층(15~29세) 고용 부진과 비경제활동인구 확대가 맞물리며 지역 고용률 하락에 영향을 주고 있다. 24일 국가데이터처가 발표한 ‘2025년 하반기 지역별 고용조사 시군구 주요 고용지표’에 따르면 전국 구지역(7개 특광역시 구 단위) 고용률은 58.8%로 전년 동기 대비 0.2%p 하락했고, 실업률은 3.6%로 0.2%p 상승했다. 9개 도의 시지역 고용률은 62.4%로 전년과 같았고, 군지역 고용률은 68.9%로 0.5%p 떨어졌다. 전국적인 고용 둔화 흐름 속에 광주·전남의 고용 시장 역시 하락세를 보였다.광주 5개 구 가운데 고용률 상위 지역은 광산구(62.8%)였다. 광산구 고용률은 전년 동기 대비 0.1%p 늘었다. 동구 역시 0.5%p 증가했지만 광주 내 고용률 하위 지역에 머물렀다. 청년층 고용률에서는 구별 차이가 더 뚜렷하게 나타났다. 광주 서구의 15~29세 고용률은 41.8%로 상대적으로 높은 반면 남구는 34.3%에 그쳤다. 광주의 비경제활동인구 상하위 지역의 차이는 전국 특광역시 중 가장 낮게 나타났다. 광주 동구의 비경제활동인구 비중은 39.8%로 가장 낮은 광산구(35.4%)와 4.4%p의 격차를 보였다. 이는 광주 5개 자치구를 가리지 않고 취업 준비를 하지 않고 노동시장 밖에 머무는 인구 비중이 30%를 넘어선다는 의미로, 이른바 ‘쉬었음’ 인구의 급증이 우려되는 대목이다. 전남도내 고용률 상위 지역은 신안(78.2%)으로 전국 상위권에 속했지만 하위는 목포(57.7%)로 격차가 20.5%p에 달했다. 군 단위 농어촌 지역은 상대적으로 고용률이 높게 나타나는 반면 도시 지역은 낮은 고용률을 보였다. 전남의 고용률은 강진(3.4%p), 해남(2.0%p), 영광(1.4%p), 완도(0.1%p)만 전년 대비 증가했으며 나머지 시·군은 모두 하락한 것으로 나타났다. 청년층 고용률에서도 완도는 62.7%로 높은 편이었지만 담양은 19.0%로 크게 낮았다. 특히 목포시는 비경제활동인구 비중이 41.0%로 전남에서 가장 높은 것으로 조사됐다. 광주·전남 고용지표 하락은 청년층 고용 기반이 취약하고 도시 지역 비경제활동인구가 확대됨에 따른 것으로 분석된다. 전국적으로도 ‘쉬었음’ 인구는 시·군 지역에서 각각 5만 6000명, 1만 6000명 증가했다. 쉬었음 인구를 포함한 기타 비경제활동인구의 경우 시 지역에서 5만 9000명, 군 지역에서 3만명 늘어났다.",http://www.kwangju.co.kr/article.php?aid=1771927222795968005,http://www.kwangju.co.kr/upimages/thumb/5340x230_795968.jpg
2026-02-24,kwangju,jeonnam,20만 전자·100만 닉스…코스피 또 천장 뚫었다,,"코스피가 5000선 돌파 한 달여 만에 ‘코스피 6000’ 돌파를 넘보는 가운데 국내 증시가 대형주를 중심으로 상승한 것으로 나타났다.
특히 증시 호황에 힘입어 시가총액(시총) 1·2위 종목인 삼성전자와 SK 하이...","코스피가 5000선 돌파 한 달여 만에 ‘코스피 6000’ 돌파를 넘보는 가운데 국내 증시가 대형주를 중심으로 상승한 것으로 나타났다. 특히 증시 호황에 힘입어 시가총액(시총) 1·2위 종목인 삼성전자와 SK 하이닉스는 사상 최초로 각각 ‘20만 전자’, ‘100만 닉스’를 달성했다. 24일 한국거래소에 따르면 코스피 지수는 전 거래일 대비 123.55포인트(p) 오른 5969.64에 장을 마쳤다. 이날 장 초반 코스피는 미국 뉴욕증시 3대지수(다우존스 30산업평균지수, S&P500, 나스닥)가 동시에 1%대 하락하면서 5800선 밑으로 내려서는 등 부진한 모습을 보였다. 이어 기관들의 순매수로 빠르게 회복한 뒤 오후에는 상승폭을 키우며 6000선 돌파에 근접했다. 유가증권시장에서는 기관이 2조 3700억원대 순매수세를 보이며 전반적인 코스피 상승을 견인했다. 반면 개인과 외국인 투자자들은 2조 2800억원, 1800억원씩 순매도한 것으로 집계됐다. 이는 개인 투자자들이 오를 만큼 올랐다고 생각한 국내 주식을 팔며 차익 실현에 나선 것으로 분석된다. 업종별로 보면 금속(4.59%), 전기전자(4.19%), 제조(3.07%) 등의 상승폭이 컸다. 반도체 양대산맥인 대장주 삼성전자와 SK하이닉스는 또다시 큰 상승폭을 보이며 신고가 경신을 성공했다. 삼성전자는 이날 전 거래일보다 3.63% 오른 20만원에 거래를 마치며 처음으로 ‘20만 전자’를 달성했고, SK하이닉스는 종가 기준 100만 5000원으로 전 거래일에 비해 5.68% 뛰었다.이 밖에 SK스퀘어(6.38%), LG에너지솔루션(4.17%) 등도 상승폭이 큰 종목으로 꼽혔다. 코스닥은 전 거래일 대비 13.01p 오른 1165.00을 기록했다. 코스닥은 기관과 외국인이 각각 1500억원대, 500억원대 순매도했지만, 개인 투자자들이 2400억원 이상 순매수세를 보이며 상승 요인으로 작용했다.",http://www.kwangju.co.kr/article.php?aid=1771928400795977005,http://www.kwangju.co.kr/upimages/thumb/5200x120_795977.jpg
2026-02-24,kwangju,jeonnam,광주·전남 소비심리 9개월 연속 ‘낙관적’,2월 CCSI 115.7…3.7P 상승,광주·전남지역 소비심리가 9개월 연속 기준치를 넘어서는 등 안정적인 모습을 보이고 있다. 지난해 하반기 이재명 정부가 실시한 민생회복 소비쿠폰 등 다양한 민생 안정 정책들과 물가 안정세 등이 복합적으로 작용한 영향으...,"광주·전남지역 소비심리가 9개월 연속 기준치를 넘어서는 등 안정적인 모습을 보이고 있다. 지난해 하반기 이재명 정부가 실시한 민생회복 소비쿠폰 등 다양한 민생 안정 정책들과 물가 안정세 등이 복합적으로 작용한 영향으로 분석된다. 24일 한국은행 광주전남본부가 발표한 ‘2026년 2월 광주·전남지역 소비자동향조사’에 따르면 광주·전남 지역민들의 2월 중 소비자심리지수(CCSI)는 115.7로 전월 대비 3.7포인트(p) 상승했다. 이는 전국(112.1)보다 높고, 상승폭(+1.3p)도 큰 수준이다. CCSI는 지난 20년간의 장기 평균치를 기준치 100으로 두고, 높으면 낙관적 낮으면 비관적임을 의미한다. 광주·전남 CCSI는 9개월 연속 기준치보다 높고, 지속 상승하는 추세를 보이고 있다. 지난해 6월 101.4를 기록하며 코로나 팬데믹 이후 3년 가량 침체됐던 지역민들의 소비심리를 돌려 세웠고, 이후 10월 111.2, 12월 112.7 등 서서히 높아지고 있다. CCSI를 구성하는 주요 지표들도 대부분 상승했다. 구성지수의 기여도별로 가계수입전망이 1.5p 올라 상승폭이 가장 컸고, 생활형편전망(+1.0p), 현재경기판단(+0.7p), 현재생활형편(+0.3p), 향후경기전망(+0.2p) 등도 올랐다. 소비지출전망은 전월과 같은 수준을 유지한 것으로 조사됐다.",http://www.kwangju.co.kr/article.php?aid=1771927500795966005,http://www.kwangju.co.kr/upimages/thumb/5200x120_795966.jpg
2026-02-24,kwangju,jeonnam,"전력거래소, 2월 4주차에도 전력 수급 이상 ‘無’",,"2월 마지막 주 들어 평균 기온이 올라가면서 전력 수요량이 감소한 것으로 나타났다.
24일 한국전력거래소가 발표한 ‘2월 2주차 전력 수급 실적 및 2월 4주차 전망’에 따르면 전력 수요량은 점차 줄어드는 추세다....","2월 마지막 주 들어 평균 기온이 올라가면서 전력 수요량이 감소한 것으로 나타났다. 24일 한국전력거래소가 발표한 ‘2월 2주차 전력 수급 실적 및 2월 4주차 전망’에 따르면 전력 수요량은 점차 줄어드는 추세다. 앞서 2월 2주차(2월 9~13일)에는 차가운 대륙고기압의 확장으로 강추위가 찾아오며 2월 10일 기준 89.0GW(기가와트)로 올 겨울철 최대전력수요량을 기록한 바 있다. 당시 전력 공급능력은 100GW, 예비력 11GW로 예비율 12.4%를 기록했다. 이번 주는 지난주 설 연휴 기간 동안 따뜻한 기온이 이어지며 전력 수요량이 감소했던 흐름을 이어갈 것으로 전망된다. 2월 4주차(23~27일) 전력 수요량은 76.3~80.3GW 수준으로 예상된다. 공급능력 93.9~96.6GW, 예비전력 16.3~18.6GW을 기록해 예비율은 20.3~24.4%의 높은 수준을 유지할 것으로 보인다.",http://www.kwangju.co.kr/article.php?aid=1771925100795964005,http://www.kwangju.co.kr/upimages/thumb/5200x120_795964.jpg
2026-02-23,kwangju,jeonnam,끝없이 추락하는 지역 건설경기…지역 맞춤형 정부 정책 지원 시급,광주·전남 전문건설공사 실적 10% 이상 감소 민간 위축·공공 발주 부진 겹쳐 하도급 직격탄 “지역 제한 확대 등 ‘맞춤형’ 보완책 절실한 시점”,"전국적인 건설경기 침체가 장기화되면서 광주·전남 전문건설업계의 공사 실적이 1년 새 각각 10% 이상 급감한 것으로 나타났다.
민간 주택·개발사업 위축과 공공 발주 부진, 종합건설사의 유동성 악화가 맞물리며 지역 ...","전국적인 건설경기 침체가 장기화되면서 광주·전남 전문건설업계의 공사 실적이 1년 새 각각 10% 이상 급감한 것으로 나타났다. 민간 주택·개발사업 위축과 공공 발주 부진, 종합건설사의 유동성 악화가 맞물리며 지역 건설 생태계 전반이 흔들리고 있다는 점에서, 정부 차원의 지역 맞춤형 대책 마련이 시급하다는 지적이다. 23일 대한전문건설협회 광주시회·전남도회가 발표한 ‘2025년도 실적신고’ 집계 결과에 따르면 광주지역 전문건설업체의 지난해 기성실적 총액은 2조 3639억원으로 전년(2조 8849억원) 대비 18%(5209억원) 감소했다. 전남은 4조 2839억원으로 전년(5조 421억원)보다 15%(7582억원) 줄었다. 광주는 2023년 3조 2737억원에서 2024년 2조 8849억원, 2025년 2조 3639억원으로 2년 연속 감소세를 이어갔다. 전남 역시 두 자릿수 감소율을 기록하며 하락 흐름이 뚜렷했다. 전국 전문건설 기성총액도 97조 3162억원으로 전년(11조 5168억원) 대비 11.9% 감소해 전반적인 업황 부진을 확인했다. 도급 형태별로 보면 하도급 부문의 타격이 크게 드러났다. 광주의 경우 원도급 공사 실적은 4661억원으로 전년보다 9.3% 감소한 반면 하도급은 1조 8977억원으로 19.9% 줄었다. 전남 역시 원도급은 8.6% 감소에 그쳤지만 하도급은 17.3% 급감했다. 이는 종합건설사의 자금난과 공사 물량 조정이 곧바로 지역 전문업체 일감 축소로 이어졌기 때문으로 풀이된다. 전남에서는 지역 종합건설업체의 부도·법정관리 증가가 하도급 실적 감소에 영향을 미친 것으로 파악됐다. 민간 부문에서는 미분양 장기화와 금융비용 상승으로 신규 착공이 크게 줄었고 공정 진행 속도와 발주 자체가 둔화된 점도 실적 감소에 영향을 줬다. 공공 부문 역시 기대만큼 발주가 확대되지 않으면서 수주 물량 자체가 축소됐다. 자재비와 인건비 변동성도 여전해 공사 진행 속도마저 늦어지는 이중고에 직면했다는 게 업계의 설명이다. 지난해 시·도별 실적액을 보면 광주는 전년 대비 81.9%, 전남은 85.0% 수준으로 떨어졌다. 같은 기간 부산(88.3%), 대전(92.1%), 경기(89.5%), 충북(96.5%), 충남(95.0%) 등과 비교하면 감소폭이 상대적으로 컸다. 광주·전남의 감소폭이 다른 지역보다 큰 배경에는 지역 원도급사의 부도·법정관리 증가도 자리하고 있다. 그동안 지역 종합건설사와 협력 관계를 맺고 하도급 물량을 받아오던 전문업체들이 일감 자체를 잃으면서 실적 감소가 직격탄으로 나타났다는 분석이다. 지역 업계에서는 ‘지역 제한’ 확대 등 지역 맞춤형 제도 보완이 시급하다는 목소리가 커지고 있다. 공공 공사의 일정 비율을 관내 업체로만 제한하는 ‘지역 제한’ 제도를 활용하면 지역 종합건설사가 수주 기회를 확보하고 그 아래 전문건설업체로 하도급 물량이 이어지는 선순환 구조를 만들 수 있다는 논리다. 경기 침체기일수록 지역 업체 보호 장치가 강화돼야 지역 내 동반 성장이 가능하다는 것이다. 지역 건설업계에서는 또 공공 부문의 ‘조기 발주’가 절실하다는 입장이다. 현재 예정된 공사 물량 안에서만 시장이 움직이다 보니 상반기 일감 공백이 커지고 이 여파가 하반기까지 이어질 가능성이 크다는 것이다. 금융 환경 개선도 시급한 해결 과제로 꼽힌다. 건설업 전반이 고위험 업종으로 분류되면서 은행권과 PF(프로젝트파이낸싱) 대출 문턱이 높아지고 시행·시공사가 사업을 추진하지 못하는 사례가 지역에서 적지 않다는 설명이다. 강성진 대한전문건설협회 전남도회장은 “공공 공사 조기 발주와 신규 사업 확대가 이뤄지지 않으면 올해 어려움도 작년과 크게 다르지 않을 것으로 본다”며 “PF와 은행 대출이 막혀 착공을 못 하는 현장이 적지 않은 만큼 금융 여건 완화가 절실하다”고 주장했다. 강 회장은 이어 “경기가 어려울수록 지자체 차원에서 지역 업체를 보호하기 위한 ‘지역 제한’을 강화해 관내 업체가 수주할 수 있는 구조를 만들어야 전문건설업체도 함께 숨통이 트일 수 있다”고 강조했다.",http://www.kwangju.co.kr/article.php?aid=1771831800795910005,http://www.kwangju.co.kr/upimages/thumb/5200x120_795910.jpg
2026-02-23,kwangju,jeonnam,광주 ‘농림어업’·전남 ‘광업’ 창업 활발,2024년 신생기업 비율 광주·전남 11%대 광주 농림어업 23.3%·전남 광업 20.4% 최고 광주 제조업·전남 보건업 창업 시들,"광주에서 개업이 가장 활발한 산업은 농림어업, 전남은 광업인 것으로 나타났다.
 23일 국가데이터처 기업생멸행정통계에 따르면 2024년 기준 매출액 또는 상용근로자가 있는 활동기업은 광주 19만887개·전남 25만...","광주에서 개업이 가장 활발한 산업은 농림어업, 전남은 광업인 것으로 나타났다. 23일 국가데이터처 기업생멸행정통계에 따르면 2024년 기준 매출액 또는 상용근로자가 있는 활동기업은 광주 19만887개·전남 25만7432개로, 전년보다 각각 0.8%(1597개)·1.8%(4641개) 증가하는 데 그쳤다. 전국 평균 활동기업 증가율은 1.4%로, 충남(3.2%), 경기(2.8%), 세종(2.6%), 인천·강원(각 2.2%) 순으로 높았다. 그해 신생기업은 광주가 전년보다 3.7%(851개) 줄어든 2만2402개, 전남은 2.6%(803개) 감소한 2만9782개로 집계됐다. 활동기업에 대한 신생기업의 비율을 뜻하는 기업 신생률은 광주와 전남이 각각 11.7%·11.6%로, 전국 평균 12.1%를 밑돌았다. 광주·전남에서 신생률이 가장 높은 산업은 각각 농림어업(23.3%)과 광업(20.4%)인 것으로 나타났다. 광주 농림어업 분야 활동기업은 219개로, 이 가운데 신생기업은 51개였다. 농림어업 신생기업은 전년보다 37.8%(14개) 늘었다. 전남 광업 활동기업은 539개로, 신생기업은 20.4%(110개) 비중을 차지했다. 광업 신생기업은 1년 새 34.1%(28개) 증가했다. 광주는 정보통신업 17.6%, 금융·보험업 17.0%, 교육서비스업 16.7%, 예술·스포츠·여가관련 서비스업 16.5%, 숙박·음식점업 16.3% 등의 신생률이 뒤를 이었다. 전남에서는 광업에 이어 금융·보험업 18.2%, 교육서비스업 18.2%, 정보통신업 17.5%, 예술·스포츠·여가관련 서비스업 17.5%, 농림어업 17.1% 등 순으로 나타났다. 지역에서 신생률이 가장 낮은 산업은 광주는 제조업(6.2%), 전남은 보건업·사회복지 서비스업(5.0%)이었다. 광주 제조업 활동기업은 전년보다 1만766개로, 전년보다 1.0%(112개) 줄었다. 전남은 제조업 신생기업이 1년 새 7.1%(105개) 줄고 소멸기업이 더 많아지면서 활동기업이 0.7%(118개) 감소한 1만5661개에 그쳤다. 활동기업 감소율이 가장 높은 산업은 광주지역은 숙박·음식점업, 전남은 도·소매업이었다. 광주 숙박·음식점업 활동기업은 전년보다 1.5%(358개) 줄어든 2만3972개였고, 전남 도·소매 업종은 0.8%(421개) 감소한 5만2399개로 집계됐다.",http://www.kwangju.co.kr/article.php?aid=1771812900795900005,http://www.kwangju.co.kr/upimages/thumb/5200x120_795900.jpg
2026-02-22,kwangju,jeonnam,광주·전남 기름값 3개월 만에 상승 전환,"미·이란 핵 협상 불안정…지정학적 리스크 확대에 국제유가 상승 영향 2월 3주차 휘발유값 ℓ 당 전주 대비 각각 1.99원, 0.89원 올라","광주와 전남에서 2개월 넘게 하락하던 기름값이 반등한 것으로 나타났다. 올해 세계 석유시장에서 공급될 원유가 많을 것으로 예상되면서 지난해 말부터 국제·국내 유가가 지속 하락했지만, 최근 미국과 이란의 핵 협상이 불...","광주와 전남에서 2개월 넘게 하락하던 기름값이 반등한 것으로 나타났다. 올해 세계 석유시장에서 공급될 원유가 많을 것으로 예상되면서 지난해 말부터 국제·국내 유가가 지속 하락했지만, 최근 미국과 이란의 핵 협상이 불안정한 모습을 보이면서 국제 유가가 상승한 영향으로 분석된다. 22일 한국석유공사 유가정보시스템 ‘오피넷’과 ‘페트로넷’에 따르면 2월 2주차(2월 9~13일) 전국 주유소 휘발유 평균 판매가격은 ℓ당 1686.2원으로 전주 대비 1.7원 하락했다. 국내 유가가 전반적으로 하락을 지속하면서 광주와 전남 주유소의 기름값도 하락세를 이어갔다. 광주 보통휘발유 평균 판매가는 지난해 11월 4주차 기준 ℓ당 1732.70원을 기록한 이후 11주 연속 하락해 2월 2주차에 1668.42원까지 떨어졌다. 올해 첫 주인 1월 1주차에 ℓ당 1702.07원을 기록한 뒤 1700원 선이 깨졌고, 매월 10원가량 하락폭을 보였다. 자동차용 경유 역시 지난해 12월 1주차 1648.93원에서 2월 1주차 1557.98원으로 100원 가까이 하락했다. 같은 기간 전남 역시 보통휘발유 평균 판매가는 지난해 12월 2주차(1751.86원) 이후 9주 연속 하락해 2월 2주차 기준 1701.40원을 기록했다. 자동차용 경유도 ℓ당 71.38원 내린 1596.55에 머물렀다. 이처럼 공급 과잉 영향으로 광주와 전남을 비롯한 전국적인 국내 유가가 지속 하락해왔지만, 2월 3주차 들어 상승 전환한 것으로 나타났다. 국내 유가는 지난해 말 제시됐던 올해 세계 석유시장 공급량이 많을 것이라는 기대심리가 작용한 결과로 하락해왔다. 다만 이달 들어서는 미국과 이란의 국제 분쟁이 악화할 조짐을 보였다. 지금까지 유가 하락폭을 좁혀왔던 지정학적 리스크가 확대되며 과잉 공급 전망으로 인한 영향력을 뛰어넘을 수 있다는 분석이 나왔기 때문이다. 실제 외신에 따르면 설 명절 연휴였던 지난 17일(현지시간) 미국과 이란이 핵 협상 기본 원칙에 합의에 대한 기대감으로 서부텍사스산원유(WTI)가 0.9% 하락하는 등 국제 유가가 하락했지만, 이튿날인 18일 협상이 사실상 결렬되면서 3월물 WTI와 4월물 브렌트유 등 국제 유가가 4%대 상승했다. 국제 유가가 상승하면서 국내 유가 역시 광주는 12주, 전남도 10주 만에 상승 전환했다. 국제 유가의 상승·하락이 2~3주 이후 국내 유가 이동에 반영되는 시장 논리에 따른 것으로 분석된다. 광주·전남지역 휘발유 평균 판매가는 2월 3주차 기준 ℓ당 1670.41원으로 전주 대비 1.99원 올랐고, 전남도 0.89원 오른 1702.29원을 기록했다.",http://www.kwangju.co.kr/article.php?aid=1771751400795856005,http://www.kwangju.co.kr/upimages/thumb/5200x120_795856.jpg
2026-02-22,kwangju,jeonnam,200만명 붕괴…농가 줄고 늙었다,지난해 농가 인구 198만 1610명…65세 이상 고령 인구 56% 농림어업취업자 수도 하락 추세…젊은 층 ‘탈농촌’ 현상 가속,"지난해 농가 인구가 200만명 선마저 무너졌다는 조사 결과가 나왔다. 농촌 인구가 도시로 이탈하는 속도가 점점 가속화되는 데다, 인구 고령화 및 출산 저하 등으로 인구 자체가 감소한 영향으로 분석된다.
특히 젊은 ...","지난해 농가 인구가 200만명 선마저 무너졌다는 조사 결과가 나왔다. 농촌 인구가 도시로 이탈하는 속도가 점점 가속화되는 데다, 인구 고령화 및 출산 저하 등으로 인구 자체가 감소한 영향으로 분석된다. 특히 젊은 세대를 중심으로 ‘탈농촌’ 현상이 지속되면서 전체 농가 인구의 절반 이상이 65세 이상 고령층만 남는 등 농촌 소멸 위기도 커지고 있는 것으로 나타났다. 22일 한국농촌경제연구원(KREI)의 ‘농업전망 2026 : K- 농업·농촌 대전환, 세계를 품고 미래를 열다’에 따르면 지난해 농가 인구는 198만 1610명으로 전년 대비 1.1% 감소했다. 농가 인구가 200만명 아래로 떨어진 것은 지난해가 처음으로, 농가 인구는 농촌의 도시화 및 인프라 부족으로 인한 인구 이탈 등으로 지속 감소하는 추세다. 농가 인구는 2000년대 들어 400만여 명, 2010년대 300만여 명에 이어 지난해 200만 여 명 수준까지 추락했다. KREI는 올해 농가 인구가 전년과 평년 대비 각각 1.9%, 9.8% 줄어 지난해보다 감소폭이 확대될 것으로 전망했다. 농가 수도 줄어들고 있다. 농가 인구 자체의 감소와 더불어 도시화, 기술발전 등으로 농촌 자체가 소멸하는 수순을 밟고 있기 때문이다. 농가 호수는 지난 2023년 99만 9000가구로 100만 선이 붕괴됐으며, 2024년 97만 4000가구를 기록했다. 지난해는 97만 가구로 추정되며, 올해는 하락폭을 키워 96만 3000가구까지 줄어들 것으로 전망된다. 농가 고령화 비중도 높아지고 있다. 전체 농가 인구 중 65세 이상 고령 인구가 차지하는 비중은 지난해 56.0%로 전년보다 0.2%포인트(p) 상승한 것으로 추정되고 있다. 농가 인구 중 절반 이상이 고령 인구라는 뜻이다. 농가 고령 인구 비율은 2023년 52.6%로 관련 통계를 집계한 이래 처음으로 50%를 넘어섰다. 더불어 KREI는 올해도 고령 인구 비중 전망치를 56.6%로 내놓는 등 농가 고령화 현상이 지속될 것으로 내다봤다. 국가데이터처가 내놓은 전체 인구 대비 고령 인구 비율이 지난해 기준 21.2%였는데, 농촌 고령 인구 비율이 2.5배 가까이 높은 수준이다. 농림어업취업자 수도 2024년 148만 5000명, 2025년(추정) 139만 5000명, 2026년(전망) 138만명 등 꾸준히 감소할 것으로 예상됐다. 한편 농가 인구 감소 및 고령화가 가속화되는 가운데, 농가소득 및 관련 산업 생산성은 성장한 것으로 나타났다. 지난해 가구 당 농가소득은 5188만원으로 전년에 비해 2.5% 늘었을 것으로 추정된다. 특히 농업을 통해 얻는 소득에서 경영비를 제외한 가구 당 농업소득은 6.2% 증가한 1017만원으로 집계됐다. 농업 전체 산업의 총생산액도 62조 7389억원으로 1년 전보다 3.2% 증가한 것으로 추산됐으며, 올해 총생산액은 63조 3757억원으로 1.0% 늘어날 것으로 예상된다.",http://www.kwangju.co.kr/article.php?aid=1771750200795855005,http://www.kwangju.co.kr/upimages/thumb/5200x120_795855.jpg
2026-02-21,kwangju,jeonnam,광주·전남 지난 연말 카드 씀씀이 늘었다,지난해 11월 매출 1년새 광주 4%·전남 5.7%↑ 1건당 광주 2만8000원·전남 3만3000원 결제 증가율 1위 광주 ‘실내장식’ 전남 ‘중고차’ 결혼상담소 결제액 광주·전남 증가율 60%대 광주 ‘세무사’ 전남 ‘부동산중개업’ 지출 줄여,"지난 연말 광주·전남 지역민들의 신용카드 씀씀이가 다소 증가한 가운데 병원·식료품 지출은 늘리고, 여가활동·외식비는 줄인 것으로 나타났다.
 21일 국세청이 공개한 ‘월간 지역 경제지표’에 따르면 지난해 11월 신...","지난 연말 광주·전남 지역민들의 신용카드 씀씀이가 다소 증가한 가운데 병원·식료품 지출은 늘리고, 여가활동·외식비는 줄인 것으로 나타났다. 21일 국세청이 공개한 ‘월간 지역 경제지표’에 따르면 지난해 11월 신용카드 사용액은 전년 같은 달보다 광주 4.0%·전남 5.7% 증가했다. 광주에서는 신용카드 사용액이 1년 새 9429억원에서 9801억원으로 4.0% 늘었다. 전남은 1조1430억원에서 1조2087억원으로 5.7% 증가했다. 같은 달 신용카드 사용 건수는 광주 3471만건·전남 3630만건으로, 각각 1건당 2만8000원·3만3000원씩 결제했다. 건당 카드 사용액은 전년보다 광주 1.6%·전남 2.7% 늘었다. 광주에서 가장 결제금액이 많은 업종은 한식 음식점으로 11월 한 달간 1964억원(445만건)을 썼다. 이어 주유소 890억원, 종합병원 774억원, 슈퍼마켓 691억원, 편의점 494억원, 약국 354억원, 식료품 가게 340억원, 교습학원 304억원 등 순이었다. 전남 결제금액은 한식 음식점 2759억원, 주유소 1898억원, 슈퍼마켓 1210억원, 종합병원 622억원, 편의점 571억원, 식료품 가게 512억원 등 순으로 많았다. 전년 같은 달보다 지출이 가장 많이 늘어난 업종은 광주 ‘실내장식가게’, 전남 ‘중고차판매점’으로 나타났다. 광주 실내장식가게 카드 결제금액은 1년 새 7억원에서 22억원으로 3배 늘었다. 성탄절을 앞두고 장난감가게(3억→6억원)의 증가율이 132.1%로 높았고, 곡물가게 77.5%(3억5000만→6억2000만원), 이비인후과 의원 68.1%(24억→40억원) 등이 뒤를 이었다. 전남은 중고차판매점 결제금액이 7200만원에서 2억3000만원으로 3배가량 증가했고, 스포츠시설운영업 84.9%(4억4000만→8억2000만원), 이비인후과 의원 증가율도 62.0%(16억4000만→26억6000만원)로 높았다. 광주와 전남 두 지역 모두 지난 연말에는 결혼상담소 카드 결제금액이 크게 늘었다. 1년 새 광주는 61.6%(12억→19억원), 전남은 66.7%(2700만→4600만원) 증가했다. 결제금액이 전년보다 가장 큰 폭으로 줄어든 업종은 광주 ‘세무사’ 전남 ‘부동산중개업’으로 나타났다. 광주 세무사 업종 결제금액은 1억5000만원에서 7000만원으로 반 토막 났다. 이어 부동산중개업 17.4%(1억9000만→1억5000만원), 자전거판매점 16.9%(4억→3억원), 실외골프연습장 13.3%(11억→9억6000만) 등 순으로 감소율이 높았다. 전남은 부동산중개업 결제액이 8000만원에서 4000만원으로 절반 줄었다. 감정평가사 23.2%(2억4000만→1억8000만원), 자전거판매점 22.4%(7억→5억원) 등 순으로 결제액 감소율이 높았다. 광주·전남에서는 지난 연말 요식업과 숙박업에서도 카드 매출이 줄었다. 광주 펜션·게스트하우스 카드 매출은 1억4000만원에서 1억2000만원으로 12.5% 줄고, 여관·모텔 10.2%(38억→34억원), 호프주점 8.1%(112억→103억원) 등도 감소했다. 12·29 제주항공 여객기 참사의 영향으로 광주지역 여행사들의 11월 한 달 매출은 1년 새 11.1%(15억→13억원) 줄었다. 전남에서는 간이주점 19.7%(9억→7억원), 호프주점 10.3%(85억→76억원), 여관·모텔 6.4%(84억→78억원) 등의 감소율이 높았다.",http://www.kwangju.co.kr/article.php?aid=1771627947795840005,http://www.kwangju.co.kr/upimages/thumb/5200x120_795840.jpg
2026-02-19,kwangju,jeonnam,정부 양도세 중과 의지에 광주·전남 등 비수도권 주택경기전망 개선,광주 25.5p·전남 13.3p…비수도권 전체적으로 상승 흐름,"정부의 양도소득세 중과 재개 의지에 따라 광주·전남 등 비수도권 주택경기전망이 개선되고 서울 주요 지역의 수요가 인천·경기 등으로 이동한 것으로 나타났다.
19일 주택산업연구원(주산연)이 발표한 2월 주택사업경기전...","정부의 양도소득세 중과 재개 의지에 따라 광주·전남 등 비수도권 주택경기전망이 개선되고 서울 주요 지역의 수요가 인천·경기 등으로 이동한 것으로 나타났다. 19일 주택산업연구원(주산연)이 발표한 2월 주택사업경기전망지수에 따르면 비수도권은 전월 대비 16.0p 상승한 93.3으로 전망됐다. 주택사업경기전망지수는 주택사업자를 대상으로 매달 조사하는 공급시장 지표다. 100을 기준으로 그 이상이면 상승, 미만이면 하강 전망을 나타낸다. 광역시 중 광주는 25.5p(69.5→95.0) 오르며 가장 큰 상승 폭을 보였다. 이어 울산 24.6p(94.1→118.7), 대구 7.4p(85.1→92.5), 세종 6.6p(100.0→106.6), 대전 5.6p(88.8→94.4) 순으로 올랐다. 부산은 8.1p(95.6→87.5) 하락했다. 도 지역은 충북 27.3p(63.6→90.9), 제주 21.7p(62.5→84.2), 경남 21.5p(78.5→100.0), 충남 20.9p(66.6→87.5), 경북 20.8p(73.3→94.1), 강원 19.1p(66.6→85.7), 전북 17.8p(75.0→92.8), 전남 13.3p(63.6→76.9) 순으로 모두 상승했다. 수도권은 지난달보다 11.9p(95.4→107.3) 올랐으며 경기 16.5p(92.5→109.0), 인천 13.4p(86.6→100.0), 서울 5.7p(107.3→113.0) 순으로 상승했다. 주산연은 10·15 대책 이후 서울을 비롯한 수도권의 매매 거래량은 감소하며 거래 위축이 이어지고 있지만 매매가 상승세는 오히려 강화되고 있다고 분석했다. 다만 최근 급등했던 강남권 고가 주택시장은 대출 규제 강화와 피로감 때문에 관망세로 전환된 반면 관악·성북 등 중저가 아파트 비중이 높은 지역에서는 풍선효과와 실수요자 추격매수로 서울 평균을 웃도는 가격 상승이 나타났다. 수도권과 지방 모두 경기전망이 개선된 것에 대해서는 최근 수도권 집값 상승 온기가 지방 대도시와 주변 지역으로 퍼지면서 주택 사업 여건이 좋아질 것이라는 기대감이 반영된 것으로 풀이했다. 주산연은 최근 정부가 다주택자 양도소득세 중과 재개 의지를 명확히 하고 있는 점을 들어 매물 잠김 심화, 중과 유예 종료 시점의 급매물 출회 가능성 등을 예상했다. 주산연 관계자는 “다주택자 양도소득세 중과 유예 종료는 지방 주택시장에 양면적 영향을 미칠 수 있다”며 “일부 지역에서는 매물 증가 요인으로 작용하는 동시에 규제 회피를 위한 ‘똘똘한 한 채’ 선호가 강화돼 지방 자산이 수도권으로 이동하는 자본 재배치 현상이 가속할 가능성도 있다”고 내다봤다.",http://www.kwangju.co.kr/article.php?aid=1771489800795786005,http://www.kwangju.co.kr/upimages/thumb/5200x120_795786.jpg
2026-02-19,kwangju,jeonnam,코스피 5670선도 돌파 ‘사상 최고가’ 또 경신,,"코스피가 설 연휴 동안 숨을 고른 직후 첫 거래일인 19일 5670선을 돌파하며 사상 최고치를 또다시 경신했다. 기관들의 순매수세가 전반적인 코스피 상승세를 견인했다.
19일 한국거래소에 따르면 이날 코스피는 직전...","코스피가 설 연휴 동안 숨을 고른 직후 첫 거래일인 19일 5670선을 돌파하며 사상 최고치를 또다시 경신했다. 기관들의 순매수세가 전반적인 코스피 상승세를 견인했다. 19일 한국거래소에 따르면 이날 코스피는 직전 거래일(13일) 대비 170.24포인트(p) 오른 5677.25에 장을 마쳤다. 올해 초부터 연이어 신고가를 경신한 코스피가 설 연휴에 돌입하기 직전 장에서 15.26p(0.28%) 하락했지만, 연휴 직후 급반등세를 보였다. 이날 장에서는 기관이 1조 6381억원 순매수하며 상승을 이끌었다. 반면 개인과 외국인은 각각 8608억원, 9232억원을 순매도한 것으로 집계됐다. 이번 코스피 상승 역시 대형주들이 선전했다. 삼성전자가 전장 대비 4.86% 올라 종가 기준 사상 처음으로 ‘19만전자’를 달성했다. 이어 SK하이닉스도 장중 90만원을 터치한 뒤, 전장보다 1.59% 오른 89만 4000원에 장을 마쳤다. 이 밖에 현대차(2.81%), LG에너지솔루션(2.15%), 삼성바이오로직스(0.58%), SK스퀘어(1.43%), 기아(3.60%), 두산에너지빌리티(1.76%) 등도 상승했다. 국내 증권가에서는 올해 내로 코스피 상승 추세가 유지될 것으로 전망하고 있다. 하나증권에서는 코스피의 고점을 7870선 수준으로, NH투자증권도 7300, 유안타증권은 6300으로 목표치 상단을 올려잡았다.",http://www.kwangju.co.kr/article.php?aid=1771486980795783005,http://www.kwangju.co.kr/upimages/thumb/5200x120_795783.jpg
2026-02-19,kwangju,jeonnam,광주 구직자 10명당 일자리 2.7개뿐…구인배수 역대 최저,3년 연속 내리막길 첫 0.2대 진입 전남 실업률 전국 2번째로 높아 광주·전남 건설·도소매업 부진 영향,"건설업과 도·소매업 등 내수 경기가 침체하면서 지난해 광주지역 구직자 1인당 일자리 수가 역대 최저인 것으로 나타났다.
 19일 고용노동부·한국고용정보원의 ‘고용행정통계’에 따르면 지난해 일자리 정보포털 ‘고용24...","건설업과 도·소매업 등 내수 경기가 침체하면서 지난해 광주지역 구직자 1인당 일자리 수가 역대 최저인 것으로 나타났다. 19일 고용노동부·한국고용정보원의 ‘고용행정통계’에 따르면 지난해 일자리 정보포털 ‘고용24’를 통해 집계한 구인배수(구직자 1인당 일자리 수)는 광주 0.27·전남 0.59로, 전년(광주 0.35·전남 0.73)보다 하락했다. 구인배수는 신규 구인인원을 신규 구직건수로 나눈 고용지표 중 하나이다. 광주 구인배수는 3년 연속 내림세를 보이다가 지난해 통계를 낸 2003년(0.60) 이후 최저를 기록했다. 코로나19가 확산한 2020년 0.48까지 내려간 뒤 2021년 0.56, 2022년 0.59로 회복세를 나타내다가 2023년 0.44, 2024년 0.35 등으로 3년 연속 내리막길을 걸었다. 광주 구인배수가 0.2대로 떨어진 건 지난해가 처음이다. 전남 구인배수도 2022년 1.03, 2023년 0.97, 2024년 0.73, 지난해 0.59 등으로 3년 연속 떨어졌다. 지난해 광주에서 일자리를 찾는 사람은 14만5118명이었고, 기업에서 사람을 구하는 수는 3만9571명이었다. 전남 구직은 13만1371명, 구인은 7만7287명으로 집계됐다. 광주 구인배수는 전국 평균 0.39를 밑돌며 대전(0.22)과 함께 전국 17개 시·도 가운데 최저 수준을 나타냈다. 부족한 일자리 수 외에도 암담한 지역 고용상황을 보여주는 지표는 많다. 지난달 광주 실업률은 4.6%로, 3년 연속 오름세를 보였다. 같은 달 기준 광주 실업률은 2023년 2.6%, 2024년 3.7%, 지난해 4.0%, 올해 1월 4.6%로 오르고 있다. 전남 실업률은 6.3%로 강원(6.5%)에 이어 17개 시·도 중 2번째로 높았고, 광주와 전남 모두 전국 평균 실업률(4.1%)을 웃돌았다. 청년 취업도 악화일로를 걷고 있다. 지난해 광주지역 15~29세 청년실업률은 7.1%로, 전북(8.7%)에 이어 대구·인천과 함께 전국에서 2번째로 높았다. 전남 청년실업률은 6.0%로, 전북(8.7%)·경북(6.8%)에 이어 도(道) 지역 가운데 높은 편이었다. 기업의 고용이 크게 줄어든 건 지역 주요 산업의 침체에서 비롯됐다. 지난해 광주·전남 건설업 채용(상용+임시일용) 인원은 2만9196명으로, 전년(3만3445명)보다 12.7%(4249명) 줄었다. 도·소매업 채용은 3480명에서 2814명으로 19.1%(666명) 감소했고, 전문·과학·기술 서비스업은 1337명에서 839명으로 37.2%(498명) 줄었다. 광주에서 숙박·음식점업 채용은 17.6%(770명) 줄었고, 전남 제조업 채용은 12.0%(747명) 감소했다.",http://www.kwangju.co.kr/article.php?aid=1771485000795779005,http://www.kwangju.co.kr/upimages/thumb/5200x120_795779.jpg
2026-02-18,kwangju,jeonnam,이번엔 23억짜리…광주 로또 매장 한곳서 1등 19명 대박,화정동 오천억 복권방 2등도 59명 당첨 신가동 알리바이·양산동 해피플러스 등 광주 로또명당 인기,"설 연휴를 앞두고 시민의 발길이 이어졌던 광주시 서구 화정동 ‘오천억 복권방’에서 1등 당첨자가 또 나왔다. 벌써 19번째 1등 당첨자다.
18일 동행복권에 따르면 지난 14일 진행된 제1211회 로또복권 추첨 결...","설 연휴를 앞두고 시민의 발길이 이어졌던 광주시 서구 화정동 ‘오천억 복권방’에서 1등 당첨자가 또 나왔다. 벌써 19번째 1등 당첨자다. 18일 동행복권에 따르면 지난 14일 진행된 제1211회 로또복권 추첨 결과 오천억 복권방에서 1등이 배출됐다. 광주·전남을 포함해 전국에서 총 14명이 1등에 당첨돼 각각 23억 7095만원을 수령하게 됐다. 오천억 복권방은 앞서 여러 차례 고액 당첨자를 배출하며 지역에서 꾸준히 화제가 됐던 판매점이다. 이번 설 명절 연휴에도 새해 기대를 담아 복권을 구매하려는 시민들로 가득 차 북새통을 이뤘으며, 이번 추첨까지 1등 19명, 2등 59명의 당첨자를 배출했다. 광주·전남에서 이번 제1211회 로또복권 1등 당첨 판매점은 광주 오천억 복권방과 서구 쌍촌동 현대마트점, 광양 나눔로또편의점 등이다. 동행복권은 로또복권 당첨금 지급 기한을 추첨일 다음 날부터 1년으로 정하고 있다. 지급 기한이 경과할 경우 당첨금은 복권기금으로 귀속돼 공익사업 재원으로 사용된다. 한편 광주에선 오천억 복권방 외에도 광주 광산구 신가동의 알리바이와 북구 양산동 해피플러스24시편의점 등이 1·2등 고액 당첨자를 다수 배출한 판매점으로 유명하다.",http://www.kwangju.co.kr/article.php?aid=1771404600795727005,http://www.kwangju.co.kr/upimages/thumb/5200x120_795727.jpg
2026-02-16,kwangju,jeonnam,정년 연장 2030도 찬성…광주 경제계에도 정년이 화두,"제조업·자동차 등 숙련 인력 비중 높은 광주 지역, 정년 연장 목소리 ↑ 세대 인식 변화…대표적 세대 갈등 이슈에서 ‘세대 공감 의제’로 전환 직장인 74% “정년 연장 필요”…20·30대도 과반 이상 지지",광주·전남 산업 현장에서 조건부 정년 연장을 요구하는 목소리가 커지고 있다. 제조업·자동차·에너지 등 주력 산업의 숙련 기술 인력 비중이 높은 지역 특성상 경험 축적이 경쟁력으로 이어지는 산업 구조가 형성돼 있기 때...,"광주·전남 산업 현장에서 조건부 정년 연장을 요구하는 목소리가 커지고 있다. 제조업·자동차·에너지 등 주력 산업의 숙련 기술 인력 비중이 높은 지역 특성상 경험 축적이 경쟁력으로 이어지는 산업 구조가 형성돼 있기 때문이다. 전국적으로도 대표적 ‘세대 갈등’ 원인으로 꼽혀온 정년 연장에 대한 사회적 인식이 달라지고 있는 가운데 광주경제계의 대응 방안이 주목받고 있다. 16일 지역 경제계 등에 따르면 최근 비즈니스 네트워크 서비스 리멤버를 운영하는 리멤버앤컴퍼니가 직장인 1037명을 대상으로 한 ‘정년 연장 인식 조사’에서 응답자의 74%가 정년 연장이 필요하다고 답했다. ‘현행 유지(12.9%)’나 ‘정년 폐지(13.1%)’ 의견을 크게 앞섰다. 직장인 다수가 현행 제도 변화에 공감하고 있는 것으로 풀이된다. 특히 20대 67.9%, 30대 70.4%가 찬성을 밝히며 정년 연장을 기성세대의 이익이 아니라 자신의 미래 문제로 인식하는 시각이 확산하고 있는 것으로 나타났다. 정년이 코 앞으로 다가온 50대(77.9%), 60대(80.8%)는 물론 미래 노동 시장 주체인 청년층까지 동조하며 정년 연장 논의의 무게 중심이 바뀌고 있다. 적정 정년에 대한 의견 또한 ‘만 63~65세’가 60.2%로 가장 높았다. 연장 필요 이유로는 ‘노후 생활 안정’(39.0%), ‘국민연금 수급까지의 소득 공백’(17.8%)이 가장 많아 경제 구조 변화와 불안정한 소득 환경이 세대 공통의 고민으로 자리 잡았음을 보여준다. 다만 정년을 어떻게 연장할 것인지에 대해서는 세대별 견해차가 드러났다. 20대는 ‘성과·직무 중심 임금 체계 개편’(28.6%)을 최우선 과제로 꼽아 공정성을 강조한 반면 40대(27.2%)와 50대(27.4%)는 ‘고령 인력 생산성 유지를 위한 재교육’을 가장 중요한 전제로 제시했다. 모든 세대의 의견을 합치면 단순한 제도 변경이 아닌 임금·교육 전반의 구조 개선이 필요하다는 현실적 과제를 드러낸 셈이다. 광주 역시 지역 일자리 기반이 약해지고 청년 인구 유출까지 심화하면서 고숙련 인력 유지와 세대 간 생산 협력 체계 구축이 지역 경제의 지속 가능성과 직결된 핵심 과제로 부상하고 있다. 하지만 지역 경제계에선 퇴직 후 재고용과 임금 체계 개편 등 정부의 조치가 선행돼야만 고용자 부담을 덜 수 있다고 주장한다. 특히 연공급(근무한 기간에 따라 임금을 책정하는 것) 중심 체계를 직무 가치와 성과에 기반한 방식으로 전환할 수 있는 제도적 장치 마련이 시급하다는 지적도 나온다. 지역 경제계 관계자는 “연공급 체계는 그대로 둔 채 정년만 연장될 경우 인건비 급증과 조기 퇴직 확대, 청년층 진입 축소 등으로 이어질 수 있다. 정부는 노사가 연공급 임금 체계를 자율적으로 개편할 수 있도록 개선해 줘야 한다”며 “기업이 정년에 도달한 고령자와 기존 근로관계를 종료한 후 새로운 계약을 체결해 재고용하는 방식 등도 고려해야 한다”고 주장했다.",http://www.kwangju.co.kr/article.php?aid=1771236000795713005,http://www.kwangju.co.kr/upimages/thumb/5200x120_795713.jpg
2026-02-14,kwangju,jeonnam,로또 매장 한곳서 18명이 1등 대박…설 연휴 맞아 광주·전남 명당 긴 행렬,설 대목에 복권방 북적…“이번엔 꼭 당첨” 기대감 고조 화정동 오천억 복권방·신가동 알리바이 등 당첨자 배출 명절 소소한 재미로 로또 한 장…시민들 새해 소망 담아,설 명절이면 빠지지 않는 풍경이 있다. 세배를 마치고 가족과 둘러앉아 덕담을 나눈 뒤 복권 한 장에 새해 소망을 담는 일이다. 경기 침체와 물가 부담이 이어지는 상황에선 “이번엔 될지도 모른다”는 기대감이 더 커진다...,"설 명절이면 빠지지 않는 풍경이 있다. 세배를 마치고 가족과 둘러앉아 덕담을 나눈 뒤 복권 한 장에 새해 소망을 담는 일이다. 경기 침체와 물가 부담이 이어지는 상황에선 “이번엔 될지도 모른다”는 기대감이 더 커진다. 명절 특유의 들뜬 분위기 속에서 복권은 작은 설렘을 더하는 소재가 된다. 광주·전남지역의 이른바 ‘로또 명당’에 연휴를 앞두고 평소보다 많은 시민의 발길이 이어지고 있다. 고액 당첨자를 배출한 판매점으로알려진 곳들은 명절 분위기와 맞물려 더욱 북적이는 모습이다. 지난 13일 찾은 광주시 서구 화정동의 오천억 복권방 앞에는 로또 복권을 구매하려는 시민들이 길게 줄을 서 있었다. 가족 단위 방문객도 적지 않았다. 부모가 번호를 고르는 동안 아이들은 “1등 되면 여행 가자”, “매일 치킨 먹자”라며 웃음 섞인 상상을 보탰다. 상대적으로 로또 구입에 관심이 적은 20~30대 젊은 여성들도 심심찮게 눈에 띄었다. 오천억 복권방은 최근까지 1등 18명, 2등 59명의 당첨자를 배출하면서 광주에선 ‘로또 명당’으로 통한다. 판매점 외벽에는 역대 당첨 회차가 붙어 있고 이를 휴대전화로 촬영하는 시민도 많다. 광주 광산구 신가동의 알리바이와 북구 양산동 해피플러스24시편의점 등도 1·2등 고액 당첨자를 다수 배출한 판매점으로 유명하다. 일부 시민은 명절마다 이곳을 ‘단골 코스’처럼 들른다고 전했다. 당첨 이력이 붙은 판매점 앞에서 인증 사진을 찍는 모습도 어렵지 않게 볼 수 있었다. 복권 구매 이유는 제각각이다. 거창한 인생 역전을 꿈꾸기보다 명절의 재미로 한 장을 사는 경우도 많다. 직장인 박인수(42)씨는 “큰돈을 바라는 것보다 가족이 건강하게 지내길 바라는 마음으로 산다”며 “그래도 혹시 모르지 않느냐”고 웃었다. 김석환(38)씨는 “2년째 매주 로또를 구매하러 오고 있다”며 “당첨이 잘된다고 알려져 있다 보니 올 때마다 줄이 길다. 여기서 대박 터뜨릴 사람인데 조금 멀리 오는 게 힘들겠느냐”고 웃어 보였다. 김정길(62)씨도 “설 명절에 가족들에게 새해 행운 선물로 로또를 주고 싶어 찾았다”며 “꼭 우리 가족이 아니더라도, 누군가는 설 명절 1등 당첨의 꿈을 이루길 바란다”며 덕담을 건넸다.",http://www.kwangju.co.kr/article.php?aid=1771042800795700005,http://www.kwangju.co.kr/upimages/thumb/5200x120_795700.jpg
2026-02-12,kwangju,jeonnam,디지털 날개 달고 재도약 포용금융 지역 동반성장,AI 전환·체질 개선·지역 상생 ‘혁신의 축’ 제시 혁신의 일상화…신성장전략본부·AI혁신부 신설 변화 통한 성장 동력 모색…디지털화 업무 효율 제고 지역 밀착·수도권 기업금융 확장 ‘투 트랙’ 영업 전략 지역 대표은행 정체성 재확립하고 상생에 집중,"광주은행이 정일선 제15대 광주은행장 취임과 함께 나날이 커지는 금융 불확실성에 대응하고, 지역 대표 은행으로서 지역과의 상생, 지역 경기 활성화 등 주요 가치를 실천하기 위한 새로운 성장 전략을 제시했다. 
광주...","광주은행이 정일선 제15대 광주은행장 취임과 함께 나날이 커지는 금융 불확실성에 대응하고, 지역 대표 은행으로서 지역과의 상생, 지역 경기 활성화 등 주요 가치를 실천하기 위한 새로운 성장 전략을 제시했다. 광주은행은 최근 금융을 비롯한 다양한 분야에서 글로벌 트렌드로 자리잡고 있는 ‘인공지능(AI) 전환’과 더불어 ‘실행 중심 체질 개선’, ‘지역 상생’을 광주은행 혁신의 축으로 내세우고, 새로운 도약의 기회로 삼겠다는 각오다. ◇혁신의 일상화…끊임없는 변화 통한 성장 동력 모색=정일선 은행장은 새해 시작과 함께 지난 1월 2일 취임식에서 “변화와 혁신의 DNA로 광주은행의 새로운 도약을 일궈내겠다”고 밝히며 불확실한 글로벌 금융 환경에서 광주은행이 선제적으로 대응하겠다는 의지를 드러냈다. 이는 지속적인 인구 감소와 물가 상승 등 경제 둔화, 디지털 대전환을 위한 경쟁 심화 등 광주은행이 복합적인 위기에 처한 가운데 기존의 방어적 태도가 아닌 ‘공격적 전환’에 나서겠다는 신임 은행장의 포부로 해석된다. 정 은행장은 특히 미래 발전을 위한 혁신의 방향에 있어서도 페이탈 창업자 피터 딜의 표현인 ‘제로 투 원(Zero to One)’에 빗대며 “세상에 없는 것을 통해 새로운 시장을 창조해내겠다”고 강조했다. 과거에 성공했던 낡은 혁신 방식으로는 급변하는 현재의 혁신 속도를 따라갈 수 없다는 판단을 기반으로 조직 자체에 ‘혁신의 DNA’를 심고 변화를 두려워 하지 않는 광주은행을 만들겠다는 방침이다. ◇AI 혁신 통한 경쟁력 강화 및 업무 효율화=광주은행은 올해부터 가장 기본적인 업무 효율성 제고에 집중할 계획이다. 실제 정 은행장은 취임과 함께 “시간만 낭비하는 가짜 업무와 중복되는 절차들을 대폭 줄여 진짜 성과를 창출할 수 있는 업무에 집중하겠다”며 불필요한 업무를 제거할 것을 강력하게 주문하고 있다. 이는 금융권 전반이 금융 디지털화 경쟁에 뛰어들며 조직을 확장하는 과정에서 보고와 회의 중심의 불필요한 절차들이 대폭 늘어 현장의 생산성을 저하시키고 있다는 현장의 지적에 대한 후속 조치다. 단순한 시간 단축성 업무 효율화가 아닌 핵심 성과에 자원을 재배치함으로써 고객·시장 수요에 신속하게 대처할 수 있는 ‘민첩한 은행’으로 은행 체질을 개선할 것이라는 의지로 해석된다. ‘AI 혁신’ 및 조직 개편을 통해 업무 효율화에 날개를 달아주겠다는 게 정 은행장의 계획이다. 광주은행은 AI 경쟁력을 확보하기 위해 신성장전략본부와 AI혁신부를 신설하고, 핀테크 협업 확대와 글로벌 시장 개척 등을 통해 신성장 역량을 높일 방침이다. 특히 지역을 기반으로 하는 지방은행에게는 적극적인 고객 유치 등을 위해 지점망의 물리적 한계를 보완할 수 있는 AI 활용도가 높을 것으로 예상되는 만큼 이번 AI 혁신은 광주은행의 핵심 성장 동력으로 꼽히고 있다. ◇광주·전남과 수도권 ‘투 트랙’ 영업 전략…혁신산업에는 ‘성장 파트너’=광주은행은 기반 지역인 광주·전남과 수도권의 영업 전략을 각각 ‘지역 밀착’과 ‘기업금융 확장’으로 동시에 추진하는 방안을 제시했다. 수도권에서 센터형 영업을 강화하고 기업 대상 금융활동을 확장하는 등 수익 기반을 넓히는 한편 광주·전남에서는 거점화·디지털 라운지 등 지역 대표은행으로서의 접근성을 높여 비용 구조를 합리화하는 지역 밀착형 구조를 구축한다는 방침이다. 이와 함께 다양한 분야의 전문인력 확보, 핵심 사업 부문 인력 보강 등을 통해 중·장기 성장 기반을 다지는 등 채널 전략과 인력 전략을 묶어 운영 시너지도 보일 계획이다. 또 광주의 AI, 미래자동차 등 지역 기반 혁신산업을 육성하는 등 ‘생산적 금융’의 고도화도 강조했다. 단순한 자금 공급을 위한 금융기관이 아닌 지역 산업 생태계의 성장 구간을 먼저 발견해 금융이 산업의 성장을 촉진하는 금융 파트너로 자리매김할 수 있도록 노력하겠다는 각오를 담고 있다. ◇함께 성장하는 광주은행…지역 상생의 정체성 확립=광주은행은 올해 지역 대표은행으로서의 정체성을 재확립하고, 지역과의 상생 협력에도 집중한다. 광주은행은 1968년 광주시 동구 충장로 5가에 설립된 뒤 지난 58년 동안 ‘지역 경제의 동반자’로서 지역 상생을 최우선 가치로 여겨왔다. 광주은행은 새로 취임한 정 은행장 체제에서도 광주·전남 대표 은행의 기치를 지켜 나갈 예정이다. 정 은행장은 “광주·전남 대표은행이라는 타이틀은 누가 붙여준 것이 아닌 우리가 스스로 선택한 광주은행의 정체성”이라며 지역공동체의 일원으로서 사명을 강조했다. 광주은행은 지역 상생 활동의 일환으로 매년 당기순이익의 10% 이상을 지역 사회에 환원하고 있으며, 지역민을 위한 금융지원 강화, 지자체와의 협력을 통한 지역경제 활성화 등에 기여하고 있다. 특히 지역사회의 취약계층을 대상으로는 ‘실리 중심’의 지원 체계를 구축하고 있다. 단순 기부가 아닌 이들의 경제 회복력과 자립 기반을 돕는 방향으로 지역 금융기관으로서의 사회적 역할 범위를 확장한다는 방침이다. 광주은행은 노사관계에서도 ‘상생’을 핵심으로 내세웠다. 지난달 새롭게 출범한 제21대 노동조합과 함께 노사 간 갈등 구조의 현안을 개선하기 위해 노·사 상생 TF를 구성하는 등 성숙한 노사문화를 발전시킨다는 구상이다. 광주은행 관계자는 “광주은행은 명확한 성장 방향성과 확고한 기반, 이를 현실로 만들 역량을 갖추고 있다”면서도 “앞서 제시한 혁신의 실질적인 실행 정도가 올해 성적표를 좌우할 것으로 예상한다”고 말했다. 이어 “2026년을 ‘새로운 도전의 원년’으로 삼고, 혁신을 두려워하지 않는 조직, 실행으로 증명하는 조직, 지역과 함께 성장하는 금융으로 다음 단계의 경쟁력을 구축하겠다”고 의지를 다졌다.",http://www.kwangju.co.kr/article.php?aid=1770889500795651005,http://www.kwangju.co.kr/upimages/thumb/5340x230_795651.jpg
2026-02-13,kwangju,jeonnam,특허 다툼 접은 HS효성첨단소재·코오롱인더…소송 대신 ‘미래 소재’ 협력 택했다,한·미서 진행 중이던 분쟁 일괄 취하…기술 존중 기반 협력 틀 마련 타이어 보강재 경쟁 관계서 전략적 휴전…R&D·세계 시장 공략 집중,"국내 석유화학 분야에서 경쟁해 온 두 대기업이 장기간 이어진 특허 분쟁을 마무리하고 협력 국면으로 전환한다.
HS효성첨단소재와 코오롱인더스트리는 13일 서울 여의도 페어몬트 앰배서더 호텔에서 특허 분쟁을 종결하는 ...",국내 석유화학 분야에서 경쟁해 온 두 대기업이 장기간 이어진 특허 분쟁을 마무리하고 협력 국면으로 전환한다. HS효성첨단소재와 코오롱인더스트리는 13일 서울 여의도 페어몬트 앰배서더 호텔에서 특허 분쟁을 종결하는 협약을 체결했다고 밝혔다. 협약식에는 성낙양 HS효성첨단소재 대표와 허성 코오롱인더스트리 대표 등 양사 주요 경영진이 참석했다. 양사는 이번 합의를 통해 상대 회사의 기술과 지식재산권을 상호 존중하는 원칙 아래 필요한 범위에서 협력할 수 있는 틀을 마련하기로 했다. 그동안 한국과 미국에서 진행 중이던 특허 관련 소송도 모두 취하하기로 했다. 코오롱인더스트리는 이번 합의가 고부가 스페셜티 소재 중심의 사업 전략에 힘을 실어줄 것으로 기대하고 있다. 회사 측은 타이어코드를 포함한 핵심 소재 분야에서 기술 차별화를 이어가며 세계 시장 경쟁력을 강화하겠다는 방침이다. HS효성첨단소재 역시 분쟁 종료를 계기로 미래 신소재 개발과 글로벌 사업 확대에 속도를 낼 계획이다. 성낙양 대표는 “이번 합의를 계기로 글로벌 타이어 업체와의 공동 연구개발을 늘리고 신규 보강재 시장 개척에 집중해 기술 경쟁력을 강화하겠다”고 말했다.,http://www.kwangju.co.kr/article.php?aid=1770980110795698005,http://www.kwangju.co.kr/upimages/thumb/5200x120_795698.jpg
2026-02-13,kwangju,jeonnam,세뱃돈 10만원 대세?…부모님 용돈 평균 22만7000원,"중고생 받은 ‘설날 송금봉투’ 10만원 최다 부모님 설날 용돈 20대 19만→40대 23만원 10명 중 7명 “세뱃돈·경비 설날 가장 부담” 업계, 용돈 계좌 개설·명절 고충 풀기 이벤트","중·고등학생에게 주는 세뱃돈으로 10만원이 5만원을 앞섰다는 조사 결과가 나왔다. 20대~40대가 부모에게 주는 평균 설날 용돈은 22만7000원으로 집계됐다.
 13일 보건복지부 아동종합실태조사 결과를 보면 20...","중·고등학생에게 주는 세뱃돈으로 10만원이 5만원을 앞섰다는 조사 결과가 나왔다. 20대~40대가 부모에게 주는 평균 설날 용돈은 22만7000원으로 집계됐다. 13일 보건복지부 아동종합실태조사 결과를 보면 2023년 기준 6~8세 아동의 30.7%는 매달 용돈을 받고 있었다. 용돈을 받는 비율은 나이가 많을수록 높아졌다. 9~11세의 65.4%, 12~17세 84.9%가 용돈을 받았다. 이들의 한 달 평균 용돈은 ‘6~8세’ 2만1000원, ‘9~11세’ 2만8000원, ‘12~17세’ 6만9000원 등으로 조사됐다. 물가 상승에 따라 청소년에게 주는 용돈도 점차 오르면서 설날 세뱃돈도 적잖은 부담이 되고 있다. 온라인 금융결제시스템 카카오페이가 사용자를 대상으로 설문 조사해 지난 10일 발표한 자료를 보면 10명 중 7명은 설날 가장 부담스러운 요소 1위로 ‘세뱃돈·각종 경비’를 꼽았다. 지난해 설 연휴 ‘설날 송금봉투’ 기능을 이용해 중·고등학생이 받은 세뱃돈은 ‘10만원’이 42% 비중을 차지하며 가장 많았다. 2024년에는 5만원이 39%로, 10만원(37%)보다 약간 앞섰으나 지난해에는 10만원이 5만원(37%)보다 5%포인트 많았다. 20대~40대 사용자가 부모에게 ‘설날 송금봉투’로 보낸 명절 용돈은 평균 22만7000원으로 집계됐다. 연령대별로 보면 20대 19만원, 30대 22만원, 40대 23만원 등으로 나이가 많을수록 용돈 금액이 올라갔다. 금융업계에서는 명절 세뱃돈과 경비 고민을 덜어주며 살림에도 보탤 수 있는 각종 행사를 마련했다. 카카오페이는 명절 잔소리와 갑작스러운 지출 등 고충을 다룬 ‘생존력 퀴즈 풀기’를 오는 18일까지 진행한다. 설날 문제를 충실하게 푼 사용자 2000명에게는 카카오페이 포인트 3000포인트를, 10명에게는 100만 포인트를 준다. 광주은행은 오는 4월까지 비대면으로 미성년자 계좌나 체크카드를 만드는 고객에게 용돈을 주는 ‘아이Wa(와) 함께하는 첫 금융 이벤트’(선착순 2000좌)를 벌인다. 부모(법정대리인)가 19세 미만 자녀 명의로 계좌를 개설하면 해당 계좌로 현금 5000원을 준다. 만 12세 이상 자녀에게 체크카드를 발급해주면 2000원을 준다. 카드를 1만원 이상 쓰면 다이소 모바일 상품권 3000원을 추가로 받을 수 있다. KB국민은행은 오는 22일까지 ‘모니모’ 앱에서 모니모 KB 매일이자 통장을 신규 개설하는 등 주어진 과제를 실행하면 2~5개 세뱃돈 봉투를 주는 행사를 진행한다. 세뱃돈 봉투 당첨금은 24일부터 확인할 수 있고, 다음 달 10일 세뱃돈 봉투를 받은 모든 고객에게 최고 260만원까지 ‘모니머니’를 준다.",http://www.kwangju.co.kr/article.php?aid=1770951000795686005,http://www.kwangju.co.kr/upimages/thumb/5200x120_795686.jpg
2026-02-12,kwangju,jeonnam,광주전남 중기협동조합 “임원 연임 제한 철폐해야”,,"광주·전남지역 중소기업협동조합 이사장들이 현행 임원 연임 제한 규정을 ‘낡은 규제’로 규정하며 법 개정을 촉구하고 나섰다.
광주전남 중소기업협동조합 이사장협의회(협의회)는 12일 협의회 회원 30여명이 참석한 가운데...",광주·전남지역 중소기업협동조합 이사장들이 현행 임원 연임 제한 규정을 ‘낡은 규제’로 규정하며 법 개정을 촉구하고 나섰다. 광주전남 중소기업협동조합 이사장협의회(협의회)는 12일 협의회 회원 30여명이 참석한 가운데 긴급 간담회를 열고 중소기업협동조합법 개정과 임원 연임 제한 철폐를 요구하는 공동 입장을 발표했다. 현행 중소기업협동조합법은 비상근 임원의 임기를 4년으로 하되 2회에 한해 연임할 수 있도록 제한하고 있다. 협의회는 이 같은 규정이 협동조합의 자율성을 침해하고 경영의 연속성을 저해한다고 주장했다. 협의회는 “임원의 선출과 연임 여부는 법률로 규제할 사안이 아니라 조합원 총회와 투표를 통해 결정해야 할 자치 영역”이라며 “정부와 국회가 조합원들의 선택권을 존중하는 방향으로 제도 개선에 나서야 한다”고 말했다. 특히 지방 중소기업계 현실을 감안하면 연임 제한 철폐가 시급하다는 점도 강조했다. 광주·전남지역 협동조합은 중장기 사업이 많은데 잦은 리더십 교체는 사업 연속성과 안정적 운영에 부담으로 작용한다는 설명이다. 임경준 협의회장은 “임원 연임 제한 규정은 협동조합의 자율적 운영권과 임원 선출권을 과도하게 제한하는 불합리한 규제”라며 “검증된 리더의 봉사 기회를 막고 경영의 연속성을 끊는 부작용을 낳고 있다”고 강조했다.,http://www.kwangju.co.kr/article.php?aid=1770878030795637005,http://www.kwangju.co.kr/upimages/thumb/200x120_795637.jpg
2026-02-11,kwangju,jeonnam,희비 엇갈리는 광주·전남 고용지표,"지난달 취업자 전년 대비 4000명 늘고 1만 3000명 줄어 광주, 일자리 질도 개선·전남, 실업률 2개월 연속 하락","광주와 전남지역 고용지표가 5개월 연속 엇갈린 것으로 나타났다. 광주는 지난해 하반기부터 소비 증진 등 전반적인 경기회복과 함께 취업자 수와 고용률도 꾸준히 상승하는 등 고용시장에도 호재가 잇따랐지만, 전남은 새해 ...","광주와 전남지역 고용지표가 5개월 연속 엇갈린 것으로 나타났다. 광주는 지난해 하반기부터 소비 증진 등 전반적인 경기회복과 함께 취업자 수와 고용률도 꾸준히 상승하는 등 고용시장에도 호재가 잇따랐지만, 전남은 새해 들어서도 고용지표가 지속 하락하는 등 부진의 늪에서 빠져나오지 못하는 모양새다. 11일 국가데이터처 호남지방데이터청이 발표한 ‘2026년 1월 광주·전남 고용동향’에 따르면 지난달 광주시 취업자 수는 76만 3000명으로 전년 동월 대비 4000명 증가했다. 고용률은 59.9%로 전년보다 1.3%포인트(p) 올랐다. 광주 취업자 수는 지난해 하반기부터 전년 동월보다 높은 수준을 보이고 있다. 지난해 1월에는 1년 전보다 취업자 수가 1만 7000명 감소하는 등 청년·노년 대부분 연령층에서 고용이 줄었지만, 하반기 들어서는 새 정부의 청년 일자리 창출 및 경제 진흥을 위한 정책 등의 영향으로 9월(1만 9000명), 10월(2만 6000명), 11월(1만 9000명), 12월(1만 1000명) 등 높은 수준을 기록했다. 산업별로 보면 농림어업(-1000명)과 제조업(-5000명)은 여전히 취업자 수가 감소했다. 반면 건설업(3000명), 전기·운수·통신·금융업(8000명), 사업·개인·공공서비스업(4000명) 등은 늘었다. 특히 지난 2023~2025 상반기까지 광주 ‘부동산 한파’로 장기간 가라앉았던 건설업은 민간과 공공부문에서 골고루 수주가 늘면서 서서히 관련 기업들의 채용이 늘어난 것으로 분석된다. 광주는 일자리 질도 개선됐다. 임금근로자 중 정규직 등 상용근로자는 전년에 비해 1만 5000명 늘었고, 임시근로자는 8000명 줄었다. 같은 기간 전남지역 고용지표는 하락을 거듭했다. 지난달 전남 취업자 수는 95만명으로 1년 전보다 1만 3000명 감소했고, 고용률도 1.1%p 내린 62.3%를 기록했다. 전남은 지난해부터 지속적으로 취업자 수와 고용률이 떨어지는 추세인 반면, 실업률은 2025년 12월(0.6%p), 2026년 1월(1.2%p) 등 2개월 연속 오르는 등 고용지표가 악화되는 상황이다. 전남 취업자를 산업별로 보면 지역 주요 산업인 농림어업(-1만 2000명) 취업자 감소폭이 컸고, 어느정도 지역 내수가 살아난 광주와 다르게 소비심리가 여전히 기준치에 미치지 못하면서 도소매·숙박·음식점업(-1만 8000명), 건설업(-5000명) 등에서도 취업자가 줄줄이 줄었다. 전남은 일자리 질 악화도 지속됐다. 전체 임금근로자가 58만 3000명으로 전년 대비 3000명 줄어든 가운데 상용근로자는 1만 7000명 늘었지만, 임시근로자(-1만 6000명)와 일용근로자(-5000명)는 감소했다.",http://www.kwangju.co.kr/article.php?aid=1770804600795591005,http://www.kwangju.co.kr/upimages/thumb/5200x120_795591.jpg
2026-02-10,kwangju,jeonnam,"전남신보, 올해도 힘차게 달리는 ‘가드림’ 금융버스","전남 전 지역 금융 접근성 확대…현장 밀착 지원, 포용금융 실현",전남신용보증재단(전남신보)이 운영하는 이동형 보증상담 창구인 금융버스 ‘가드림’이 올해도 전남 전 지역에서 운영된다. 지난해에 이어 올해도 전남의 소외된 소상공인들이 정책지원 혜택을 누릴 수 있도록 상담 서비스를 제...,"전남신용보증재단(전남신보)이 운영하는 이동형 보증상담 창구인 금융버스 ‘가드림’이 올해도 전남 전 지역에서 운영된다. 지난해에 이어 올해도 전남의 소외된 소상공인들이 정책지원 혜택을 누릴 수 있도록 상담 서비스를 제공할 계획이다. 앞서 전남신보는 지난 2024년 금융버스를 처음으로 시범운영하고, 2025년에는 자체적으로 버스를 마련하고 전담부서인 ‘가드림금융센터’를 구성하면서 본격적인 운영에 돌입했다. 그 결과 시범운영 단계에서 ‘도민평가단 최우수 시책’으로 선정됐고, 지방공기업평가원이 주관하는 ‘2025년 지역경제 혁신박람회’에서는 우수사례로 소개되는 등 전남지역 소상공인들에게 큰 호응을 얻고 있다. 지난해에는 여수 거문도, 완도 노화도 등 도서지역과 담양 창평시장, 화순 고인돌 시장, 장흥 회진시장 등 지역 전통시장 등을 찾았다. 금융기관 접근성이 낮은 소상공인을 직접 찾아가 보증상담, 정책자금 연계로 이어지는 원스톱 서비스를 제공하기 위해서다. 가드림은 지난 한 해 동안 전남 14개 시·군에서 58회 운영됐으며, 508개 업체에 150억원을 지원했다. 특히 지난해 8월 함평 천지 전통시장이 집중호우로 큰 피해를 입었을 때는 이동형 상담 창구의 장점을 살려 4일 동안 재해현장에서 시장 소상공인들이 피해를 복구하는데 기여하기도 했다. 가드림은 또 금융지원 뿐만 아니라 자영업종합지원센터, 금융복지상담센터 등 유관기관과의 협력을 통해 비금융 분야에서도 맞춤 상담 지원을 제공하는 등 소상공인 종합 플랫폼으로서의 역할도 수행했다. 이 밖에 지역 소상공인의 소통창구로서 소상공인 간담회, 일일명예지점장 운영 등을 통해 전남신보와 전남도의 소상공인 지원 정책을 현장에 전달하고, 지역 소상공인들의 목소리를 청취하기도 했다. 올해 가드림은 지난해 성과를 바탕으로 운영을 고도화할 계획이다. 지난해보다 많은 연 70회 이상으로 운영 횟수를 늘리고, 지역 여건과 실제 수요를 반영하는 등 맞춤형 금융서비스를 제공할 방침이다. 특히 보증 지원이 취약했던 영암·곡성 지역은 월 2회 정기 출장상담을 운영하기로 했다. 이강근 전남신보 이사장은 “금융 환경이 디지털로 전환되는 가운데, 지역 내 디지털 취약 소상공인이 소외되지 않도록 금융버스 가드림의 역할이 그 어느때 보다 중요한 시기”라며 “멀어서, 바빠서, 몰라서 전남신보를 이용하지 못하는 소상공인이 없도록 가드림을 통해 현장의 수요를 면밀히 살피며 현장 중심의 지원을 지속적으로 강화하겠다”고 말했다.",http://www.kwangju.co.kr/article.php?aid=1770717300795527005,http://www.kwangju.co.kr/upimages/thumb/5200x120_795527.jpg
2026-02-10,kwangju,jeonnam,"효성중공업, 美서 7900억원 수주…창사 이래 최대 규모",,"효성중공업이 미국에서 7900억원 규모의 전력기기 사업을 수주하면서 창사 이래 최대 성과를 거뒀다.
효성중공업은 10일 “미국 유력 송전망 운영사와 7870억원 규모의 765kV 초고압 변압기, 리액터 등 전력기기...","효성중공업이 미국에서 7900억원 규모의 전력기기 사업을 수주하면서 창사 이래 최대 성과를 거뒀다. 효성중공업은 10일 “미국 유력 송전망 운영사와 7870억원 규모의 765kV 초고압 변압기, 리액터 등 전력기기 공급 계약을 맺었다”고 밝혔다. 지난해 한국 기업 최초로 765kV 초고압 변압기, 800kV 초고압 차단기 등 전력기기 풀 패키지 공급 계약을 미국에서 체결한 데 이어 올해도 대규모 수주를 이어가며 미국 765kV 시장 내 주도적 지위를 재확인했다. 업계에서는 인공지능(AI) 데이터센터 건설, 전기차 보급 확대 등으로 향후 10년간 미국의 전력 수요가 25% 급증할 것으로 예상하고 있다. 765kV 송전망은 대용량 전력을 장거리로 보낼 수 있고, 기존 345kV나 500kV 대비 송전 손실을 크게 줄일 수 있다. 효성중공업은 2001년 미국법인을 설립하고 2010년 한국 기업 최초로 미국에 765kV 초고압 변압기를 수출했다. 2020년부터 미국 테네시주 멤피스에 운영 중인 변압기 공장은 현재 미국 내에서 유일하게 765kV 초고압 변압기를 설계·생산할 수 있는 공장이다. 효성중공업은 미국 내 생산 거점이 향후 경쟁력의 핵심이 될 것이라고 보고 2020년 멤피스의 초고압 변압기 공장을 인수했으며 현재 진행 중인 증설을 포함해 4400억원을 투자했다. 멤피스 공장 증설이 완료되면 미국 내 최대 규모의 생산 능력을 보유하게 된다. 창사 이래 최대 규모인 이번 수주는 조현준 효성 회장의 지휘가 빛을 발했다는 평가다. 조 회장은 크리스 라이트 미 에너지부 장관 등 미국 에너지·전력회사 최고 경영층들과 개인적 친분을 쌓으면서 효성중공업의 브랜드 가치를 높여왔다. 그는 도널드 트럼프 미국 대통령의 최측근인 빌 해거티 테네시주 상원의원과 수 차례 회동하며 신뢰 관계를 쌓았으며 사프라 캐츠 오라클 CEO(최고경영자), 스콧 스트라직 제너럴일렉트릭(GE) 버노바 CEO, 빌 리 테네시 주지사와도 협력 방안을 논의했다. 조 회장은 “전력 인프라는 AI와 데이터센터 확산으로 국가 안보와 직결되는 핵심 산업이 됐다”며 “효성중공업 멤피스 공장과 초고압 기술력을 바탕으로 미국 전력망 안정화의 대체 불가능한 핵심 파트너로 자리매김해야 한다”고 강조했다.",http://www.kwangju.co.kr/article.php?aid=1770714660795526005,http://www.kwangju.co.kr/upimages/thumb/5200x120_795526.jpg
2026-02-10,kwangju,jeonnam,증시 호황에…광주·전남 주식 거래대금 1달 새 77% 급증,"1월 9조 1766억…코스피 2배·코스닥 39%, 전월 대비 4조원 늘어 지역 상장법인 39개사 시총도 21.7%↑…한전 상승세 견인",지난달 ‘코스피 5000’ 시대가 열리며 광주·전남 투자자들의 주식 거래대금이 4조원 이상 폭증한 것으로 나타났다.  이는 올해 초부터 잇따라 최고가를 경신하는 등 증시 호황이 지속되면서 지역 투자자들의 주식 거래가...,"지난달 ‘코스피 5000’ 시대가 열리며 광주·전남 투자자들의 주식 거래대금이 4조원 이상 폭증한 것으로 나타났다. 이는 올해 초부터 잇따라 최고가를 경신하는 등 증시 호황이 지속되면서 지역 투자자들의 주식 거래가 활발해졌기 때문으로 분석된다. 증시 호황에 힘입어 지역 상장법인들의 시가총액(시총)도 20% 이상 올랐다. 이번 시총 상승은 지역 내 규모가 가장 큰 한국전력공사(한전)이 견인했다. 10일 한국거래소 광주혁신성장센터가 발표한 ‘2026년 1월 광주·전남지역 상장법인 증시동향’에 따르면 1월 중 광주·전남지역 투자자들의 거래대금은 9조 1766억원으로 전월(5조 1744억원) 대비 4조 22억원(77.3%) 상승했다. 지역별로 광주가 6조 4968억원으로 전월보다 78% 올랐고, 전남은 75.9% 오른 2조 6798억원을 기록했다. 시장별로는 유가증권시장(코스피) 거래대금이 2배 이상 올랐다. 지난달 광주·전남 지역민들의 코스피 거래대금은 6조 1597억원으로 1달 새 3조 1541억원(104.9%) 폭증했고, 코스닥도 3조 169억원으로 8481억원(39.1%) 상승했다. 코스피 지수가 지난달 1~16일 4300선에서 출발해 4800까지 돌파하고, 월말에는 5000마저 넘어서는 등 코스닥보다 상승폭이 컸던 만큼 거래대금이 쏠린 것으로 분석된다. 주식 거래가 활발해지는 등 증시가 살아나면서 광주·전남 소재 상장법인 39개사의 시총도 대부분 상승한 것으로 나타났다. 광주·전남 상장법인들의 시총은 1월 말 기준 48조 7503억원으로 1달 새 8조 6840억원(21.7%) 올랐다. 지역별로 광주는 2961억원(9.1%), 전남은 8조 3879억원(22.8%) 올라 전남의 상승폭이 컸다. 시장별로는 유가증권시장 상장법인 16개사 시총이 7조 5452억원(19.8%) 올랐고, 코스닥 상장법인 23개사는 1조 1388억원(57.5%) 상승했다. 이는 빛가람혁신도시에 본사를 둔 한전의 영향이 컸다. 한전이 지역 상장법인들의 전체 시총 중 90%가까이 차지하고 있는 데다, 단일 종목기준 시총이 가장 많이 올랐기 때문이다. 유가증권시장에서 지역 상장법인 중 1월 말 기준 한전 시총은 37조 4265억원으로 전월 대비 7조 1258억원 올라 증가액이 가장 컸다. 이어 한전KPS(2조 5200억원·2948억원↑), 대한조선(2조 6814억원·1002억원↑) 등 에너지·조선주 등이 강세를 보였다. 특히 한전과 한전KPS 시총은 각각 23.5%, 13.2% 오르며 증가율 기준 상위 3개 종목에 이름을 올리기도 했다. 코스닥에서는 에스오에스랩 시총이 1달 새 1762억원(69.7%) 올라 증가액과 증가율 모두 1위를 차지했다.",http://www.kwangju.co.kr/article.php?aid=1770715500795525005,http://www.kwangju.co.kr/upimages/thumb/5200x120_795525.jpg
2026-02-10,kwangju,jeonnam,한파 지속에…올 겨울 최대 전력수요량 갱신,,"한국전력거래소는 10일 “이날 오전 10시 기준 올 겨울 최대 전력수요량인 8만 8950MW(메가와트)를 기록했다”고 밝혔다.
이는 직전 겨울철 최고치인 2022년 12월 23일 9만 4509MW에는 못미치지만, ...","한국전력거래소는 10일 “이날 오전 10시 기준 올 겨울 최대 전력수요량인 8만 8950MW(메가와트)를 기록했다”고 밝혔다. 이는 직전 겨울철 최고치인 2022년 12월 23일 9만 4509MW에는 못미치지만, 올겨울 최고 기록인 지난 2일 8만 8618MW는 뛰어넘었다. 이번 전력 수요량은 지난해 12월 초 정부합동 겨울철 전력수급대책에서 발표한 기준수요 전망치(8만 8800MW)와 비슷한 수준에 달했다. 전력수요량이 급증한 것은 지난주부터 차가운 대륙고기압이 확장됨에 따라 기온이 떨어지면서 난방수요가 늘어난 데다, 한반도 남쪽을 통과하는 저기압의 영향으로 흐린 날씨가 이어지며 태양광 발전량이 감소하는 등 요소들이 복합적으로 작용한 것으로 분석된다. 전력거래소는 “전력 수요량은 급증했지만, 충분한 공급 능력과 예비력을 기반으로 안정적인 운영 상태를 유지하고 있다”고 전했다. 이날 기준 공급 능력은 10만 26MW이었고, 최대 수요량 8만 8950MW, 예비전력 1만 1076MW로 예비율 12.5%를 기록했다. 전력거래소는 겨울철 안정적인 전력 공급을 위해 정부와 최대전력수요를 전망하고, 대책기간 중 100GW(기가와트) 이상의 공급능력을 지속적으로 관리하고 있다. 더불어 추가적인 한파 또는 폭설 등 기상 여건 악화로 전력 수요가 급증할 가능성에 대비해 8.8GW 규모의 예비자원도 준비했다. 김홍근 전력거래소 이사장 직무대행은 “기상청 예보에 따르면 당분간 평년 대비 기온이 높을 것으로 예상되지만, 급작스러운 한파와 폭설 등이 발생할 경우 언제든 최대 전력수요를 경신할 수 있는 만큼 기상 전망에 대한 면밀한 모니터링과 주간 단위 수요 재전망을 강화해 대응하겠다”고 말했다.",http://www.kwangju.co.kr/article.php?aid=1770713100795523005,http://www.kwangju.co.kr/upimages/thumb/5200x120_795523.jpg
2026-02-10,kwangju,jeonnam,광주·전남 기업 10곳 중 6곳 인공지능 쓴다…투자는 인색,"AI 이용률 광주 68%·전남 59%…전국 1~2위 이용목적, 보안·관리 조직화·생산성 향상 순 ‘사람·사물 식별’ ‘문서작성·정보수집’ 등 활용 매출액 대비 AI 투자액 비중 1%에 그쳐","광주·전남 민간 기업체 10곳 중 6~7곳은 인공지능(AI) 기술과 서비스를 이용하고 있는 것으로 나타났다. 하지만 인공지능 기술을 이용하는 기업들의 매출액 대비 투자액은 1% 비중에 그쳤다.
 과학기술정보통신부가...","광주·전남 민간 기업체 10곳 중 6~7곳은 인공지능(AI) 기술과 서비스를 이용하고 있는 것으로 나타났다. 하지만 인공지능 기술을 이용하는 기업들의 매출액 대비 투자액은 1% 비중에 그쳤다. 과학기술정보통신부가 지난달 공표한 기업정보화통계조사 결과에 따르면 2024년 말 기준 10인 이상 민간 부문 기업체의 인공지능 기술·서비스 이용 비중은 광주 67.7%·전남 59.0%로 조사됐다. 광주 전체 사업체 4524곳 가운데 3064곳, 전남은 6710곳 중 3960곳이 인공지능을 이용하고 있었다. 광주와 전남은 전국 이용률 32.9%의 2배 수준에 달했고, 17개 시·도 가운데 나란히 1~2위를 차지했다. 광주 AI 이용률은 2022년 30.9%, 2023년 60.5%, 2024년 67.7% 등으로 해마다 늘었고, 전남지역도 55.6%(2022년)→43.6%(2023년)→59.0%(2024년) 등으로 오름 추세다. 가장 많이 이용하는 AI 기술 유형(복수응답)을 보면 광주 71.1%(2179개)·전남 67.4%(2669개)는 이미지 또는 영상을 기반으로 사물·사람을 식별하는 기술을 이용했다. 이어 ‘문서작성·정보 수집’(광주 1655개·전남 2187개), ‘의사 결정 지원’(광주 1042개·전남 1302개), ‘업무자동화 지원’(광주 805개·전남 806개), ‘데이터 분석을 위한 머신러닝(기계 학습)’(광주 535개·전남 831개) 등도 이용하고 있었다. AI를 이용하는 목적(복수응답)은 ‘기업 보안’이 광주 65.6%(2010개)·전남 58.3%(2309개) 가장 많이 꼽혔다. ‘비즈니스 관리 프로세스 또는 관리 조직화’, ‘생산성 향상 또는 서비스 프로세스 개선’, ‘회계·재무관리’ 등 목적도 있었다. 광주·전남 기업체들은 생산성 향상과 비용 절감 등 목적을 가지고 다양한 유형의 AI 기술을 이용하고 있지만, 지갑을 여는 데는 인색했다. AI 기술 이용 형태(복수응답)를 물어보니 광주 59.4%(1821개)·전남 50.5%(1999개)는 무료 서비스(프리웨어)를 쓰고 있었다. 상용 소프트웨어나 시스템을 구매하는 기업은 광주 39.3%·전남 28.3%로 나타났고, 자체 개발하는 기업은 광주 4.4%·전남 8.0%에 그쳤다. 인공지능 기술·서비스에 투자(비용 지출)하는 기업 비중은 광주 21.8%(986개)·전남 14.8%(990개)로, 두 지역 모두 전국 평균 비율 8.3%를 웃돌았다. 전국에서 광주 지출 비중이 가장 높았고, 서울(15.2%), 전남이 뒤를 이었다. 하지만 매출액 대비 인공지능 투자액 비율은 1%대에 그쳤다. 지역 기업의 인공지능 기술·서비스 평균 투자율은 광주·전남 각 1.1%로, 전국 평균 투자율 2.3%를 밑돌았다. 광주·전남 기업체 95%는 투자액 비중이 1% 이하였고, 5% 이상 투자하는 기업은 한 곳도 없었다. 평균 투자율이 가장 높은 지역은 인천(6.9%)이었고, 울산(4.4%), 서울(3.1%) 등 순이었다. 업체들이 꼽은 AI 이용 효과를 보면 ‘업무의 효율성·생산성 향상 및 비용 절감’에 광주 73.0점·전남 68.6점(100점 평균)을 주며 가장 높은 점수를 보였다. ‘기업 내부 운영 최적화’, ‘법규·규제 준수’, ‘신규 제품·서비스, 사업(수익) 모델 개발’, ‘기존 제품·서비스 품질 향상’ 등도 높은 점수를 받았다. 한편 AI 기술을 이용하지 않는 기업들은 그 이유로 ‘수요에 맞는 AI 부재’, ‘인프라·인력 부재’, ‘경제적 비용 부담’ 등을 꼽았다.",http://www.kwangju.co.kr/article.php?aid=1770685200795515005,http://www.kwangju.co.kr/upimages/thumb/5200x120_795515.jpg
2026-02-09,kwangju,jeonnam,“대형마트 규제 완화 앞서 전통시장 살릴 대책이 먼저”,"지역 경제계, 유통법 손질 앞두고 온오프라인 병행 지원 등 제언 온누리상품권 사용 편의·혜택 강화 등으로 생태계 재설계 촉구",정부·여당이 유통산업발전법(유통법) 개정과 대형마트 새벽 배송 허용 등을 논의 중인 가운데 광주 경제계를 중심으로 전통시장과 골목상권을 살리기 위해 대형마트 규제 완화에 앞서 경쟁력 개선과 구조적 체질 전환이 병행돼...,"정부·여당이 유통산업발전법(유통법) 개정과 대형마트 새벽 배송 허용 등을 논의 중인 가운데 광주 경제계를 중심으로 전통시장과 골목상권을 살리기 위해 대형마트 규제 완화에 앞서 경쟁력 개선과 구조적 체질 전환이 병행돼야 한다는 목소리가 나오고 있다. 지역 전통시장의 접근성 문제와 온라인 소비 확산, 생활 방식 변화 속에서 기존 규제 중심 정책만으로는 전통시장 활성화에 한계가 뚜렷하다는 지적이다. 광주경영자총협회(광주경총)는 9일 보도자료를 내고 “유통법 개정이 대형마트 규제 완화에만 머무를 경우 전통시장 매출 회복으로 이어지기 어렵다”며 “온오프라인 규제 형평성을 맞추는 동시에 전통시장과 소상공인에 대한 직접 지원을 강화하는 방향으로 유통법 체계를 재설계해야 한다”고 주장했다. 앞서 더불어민주당과 정부, 청와대는 지난 8일 고위 협의회를 열어 온라인 비중 확대 등 유통 환경 급변에 따라 현행 오프라인 중심의 유통 규제 체계를 개선할 필요가 있다고 판단하고 유통법 개정에 합의했다. 현행 유통법은 대형마트에 대해 ‘0시부터 오전 10시까지 영업시간 제한’ 규정을 두고 있다. 경총은 가장 먼저 광주 전통시장의 고질적인 접근성 문제를 지목했다. 주차 공간 부족과 낡은 시설, 가족 단위 방문객을 고려한 편의시설 미비 등이 여전히 경쟁력을 떨어뜨리는 요인으로 작용하고 있다는 것이다. 여기에 온라인 주문과 당일 배송 등 빠른 배송에 익숙해진 소비 환경 변화까지 더해지며 전통시장의 체질 개선 필요성이 더 커지고 있다는 주장이다. 광주경총은 전통시장을 ‘장 보는 공간’에 머물게 하지 않고 여가·문화 기능을 결합한 복합 공간으로 전환해야 한다고 제안했다. 주차장 확충과 노후 시설 정비, 화재·안전시설 보강 등 기반 시설 개선을 전제로 문화·체험·휴게 공간·수유실 등 편의시설을 갖추고 상시 문화 행사를 연계해 가족 단위 방문을 유도해야 한다는 설명이다. 디지털 전환도 핵심 해결 과제로 제시됐다. 전통시장 통합 배송·택배 시스템을 구축해 온라인 주문 시 당일 배송이 가능하도록 지원하고 온라인 플랫폼 입점과 공동 브랜드 개발, 실시간 방송 판매(라이브커머스) 교육·장비 지원 등을 통해 상인의 디지털 역량을 체계적으로 높여야 한다는 것이다. 모바일 온누리상품권의 사용 편의성을 높이고 혜택을 확대해 결제 유인을 강화하는 방안도 함께 제안됐다. 광주경총은 대형 유통 업체와의 상생 구조 마련 필요성도 강조했다. 지역 특산물 기획전과 쿠폰 교차 사용, 고정 납품과 공동 구매 구조를 제도화하고 출점 규제를 지역 영향 평가·상생 조건 전제로 한 탄력적으로 운영하는 방안이다. 대규모 점포 등록 시 제출하는 지역협력계획서에 대한 실질 심사와 이행 점검을 위해 상생발전심의회 기능을 강화해야 한다는 제언도 나왔다. 양진석 광주경총 회장은 “유통법 개정의 핵심은 대형마트 규제 완화와 전통시장·소상공인 상생 패키지를 동시에 설계하는 것”이라며 “전통시장과 소상공인이 변화하는 유통 환경 속에서 자생력을 갖출 수 있도록 제도적 뒷받침이 필요하다”고 강조했다. 유통법 개정 논의 자체를 반대하는 목소리도 커지고 있다. 한국중소상인자영업자총연합회(한상총련)는 이날 성명을 내고 정부·여당이 추진 중인 대형마트 새벽 배송 허용 움직임을 “골목상권에 대한 경제적 학살”이라고 규정하며 강하게 반발했다. 한상총련은 대형마트 규제 완화를 통해 온라인 배송 경쟁력을 키우겠다는 논리에 대해서도 “쿠팡의 독과점 문제를 대형마트 규제 탓으로 돌리는 책임 전가”라고 비판했다.",http://www.kwangju.co.kr/article.php?aid=1770632700795483005,http://www.kwangju.co.kr/upimages/thumb/5200x120_795483.jpg
2026-02-08,kwangju,jeonnam,‘2년 공석’ 켄텍 2대 총장 선임 무산,이사회 과반 득표자 없어 최종 부결 총장 부재 장기화에 에너지 인재 양성 차질 우려,"2년 넘게 공석인 한국에너지공과대학교(켄텍) ‘제2대 총장’ 선임안이 또 부결됐다. 재공모 등 2대 총장 선임 절차가 다음 이사회로 넘어가게 되면서 현 총장 대리 운영 체제가 당분간 유지될 것으로 보인다.
켄텍은 ...","2년 넘게 공석인 한국에너지공과대학교(켄텍) ‘제2대 총장’ 선임안이 또 부결됐다. 재공모 등 2대 총장 선임 절차가 다음 이사회로 넘어가게 되면서 현 총장 대리 운영 체제가 당분간 유지될 것으로 보인다. 켄텍은 “지난 6일 서울 한전아트센터에서 ‘제1차 이사회’를 열고 제 2대 총장 후보 3명에 대한 투표를 진행했지만 과반 득표자가 나오지 않아 선임안이 부결됐다”고 8일 밝혔다. 이번 선임안이 부결됨에 따라 켄텍 이사회는 차기 이사회에서 총장 선임 계획안을 재수립할 예정이다. 켄텍은 에너지 신소재, 인공지능(AI), 전력·원자력 기술 등에 특화된 국내 유일 에너지 전문 대학교로 최근 1기 졸업생 30명을 배출하는 등 차세대 에너지 분야 전문 인력 양성의 요람으로 꼽힌다. 지난해에는 개교 3년만에 전임교원 1인당 연구비 수주액은 국내 최상위권을 기록하는 등 에너지 분야에서 독보적인 성과를 냈다. 개교 당시에는 에너지공대 필요성에 대한 의문과 국제 에너지 원자재 가격 급등에 따른 한국전력공사 재정 악화 등으로 설립에 대한 부정적 인식이 확산하기도 했다. 결국 2023년 12월 윤의준 초대 총장이 여러 이유로 자진 사퇴했다. 이후 켄텍 이사회는 학교 안팎으로 2대 총장 선임 여론이 커지자 2024년 9월 총장후보 추천위원회(총추위)를 구성하고, 10월 서류심사, 11월 면접심사를 진행하는 등 2대 총장 선임에 속도를 냈으나 12·3 비상계엄 사태가 발목을 잡았다. 당시 박진호 총장 직무대행, 포스텍 총장 출신인 김무환씨, 충남대 총장 출신인 정상철씨가 후보에 이름을 올렸지만, 같은 해 12·3 비상계엄 사태로 총장 선임 절차가 무산됐다. 이어 2025년에도 켄텍 이사회는 1월, 3월, 9월 등 2대 총장 선임을 두고 여러 차례 회의를 열었지만, 같은해 6월 대통령 선거에 이어 총장 선임을 최종적으로 승인해야 할 소관 부처가 기존 산업통상자원부에서 기후에너지환경부로 바뀌는 등 새 정부 조직 개편 등으로 이사회에 총장 선임안이 상정되지 못했다. 우여곡절 끝에 총장 부재 26개월, 후보자 추천으로부터는 15개월만에 이뤄진 2대 총장 선임안이 또 다시 부결되면서 에너지업계 안팎에서는 켄텍 총장의 리더십 부재에 대한 우려의 목소리가 나오고 있다. 켄텍의 한 관계자는 “컨텍은 국내 유일 에너지 전문 대학교로, 이재명 정부의 핵심 정책인 에너지고속도로, AI데이터 센터 등 에너지 대전환 시대를 맞아 관련 연구와 인재 양성 등의 역할을 성실히 수행하고 있다”며 “2년 넘게 공석인 총장을 하루 빨리 선임해 현재 가장 시급한 해결 과제인 재정 안정성, 에너지 공대로서의 역할 정립, 국가 에너지 전략과의 연계 역할 수행 등에 집중해야 할 것”이라고 말했다.",http://www.kwangju.co.kr/article.php?aid=1770538800795405005,http://www.kwangju.co.kr/upimages/thumb/5200x120_795405.jpg
2026-02-08,kwangju,jeonnam,올 설 차례상 비용 4인 가족 20만원,"지난해보다 0.3% 하락…전통시장이 대형마트보다 18.7% 저렴 정부, 농축산물 할인지원·대한민국 수산대전 등 물가 안정 총력","올해 설 차례상 차림비용이 4인 가족 기준으로 평균 20만원 수준이라는 조사 결과가 나왔다. 차례상 장바구니 물가는 전통시장이 대형마트보다 낮았고, 주요 성수품은 채소류, 과일류, 수산물, 가공식품 등 대부분 품목이...","올해 설 차례상 차림비용이 4인 가족 기준으로 평균 20만원 수준이라는 조사 결과가 나왔다. 차례상 장바구니 물가는 전통시장이 대형마트보다 낮았고, 주요 성수품은 채소류, 과일류, 수산물, 가공식품 등 대부분 품목이 전년보다 낮은 가격을 나타냈다. 8일 한국농수산식품유통공사(aT)가 발표한 ‘올해 4인 가족 설 차례상 차림비용 조사 결과’에 따르면 올해 설 차례상 품목별 가격을 종합한 결과 전통시장은 지난해 설 대비 차례상 차림비가 하락했지만, 대형마트 등 유통업체에서는 차림비가 소폭 오른 것으로 나타났다.조사 결과 올 설 차례상 차림비는 4인 가족 기준 평균 20만 2691원으로 1년 전보다 0.3% 하락했다. 전통시장에서는 차림비가 18만 5313원으로 전년(18만 8239원)보다 1.6% 내렸고, 대형유통업체는 4.3% 오른 22만 7876원을 기록했다. 전통시장이 대형마트보다 18.7% 저렴한 수준이다. 전통시장은 채소류, 대형유통업체는 과일류 중심으로 가격 하락폭이 컸던 것으로 조사됐다. 품목별로 보면 전통시장에서는 채소류 가격이 17.5% 하락했다. 지난해 하반기 가격이 폭등하며 김장철 수급 불안 문제가 불거졌던 무(-36.4%), 배추(-22.7%)를 비롯해 시금치, 애호박 등의 가격이 모두 내린 결과다. 과일류도 주요 성수품인 배(-18.5%)와 사과(-2.4%) 가격이 모두 떨어지며 9.8% 하락했다. 이 밖에 대추, 밤 등 임산물(-4.0%)과 수산물(-3.3%) 등의 가격이 내렸다. 대형유통업체에서는 무를 제외한 모든 품목이 오르며 전통시장과는 반대로 채소류 가격이 0.8% 상승했다. 과일(-13.9%), 수산물(-7.1%) 등은 전통시장과 비슷한 하락 흐름을 보였다. 축산물 평균 가격은 소고기를 중심으로 3.4% 올랐다. 소(설도) 가격은 전통시장과 대형마트에서 각각 3.4%, 16.4% 올랐고, 양지 가격도 9.2%, 25.6%씩 상승했다. 다만 올해 설 차례상 차림비용에 대해서는 조사 기관별로 큰 차이를 보였다. 같은 설 물가를 조사했지만 한국물가정보는 4인 가족 기준 전통시장 29만 6500원, 대형마트 40만 6880원으로 aT 조사 결과와 2배 가까이 차이가 났다. 이는 각 조사 기관들의 조사 품목 수와 종류가 달랐기 때문으로 분석된다. aT는 지난 6일 주요 성수품 24개를, 한국물가정보는 35개 품목을 조사했다. aT 관계자는 “전체 조사 품목 수와 조사 대상이 달랐고, 같은 품목이라 하더라도 용량이 달라지면서 가격차이가 발생한 것으로 보인다”고 설명했다. 정부는 설 명절을 일주일 앞두고 물가 안정 노력을 이어간다. 오는 16일까지 ‘농축산물 할인지원’을 통해 최대 40% 할인하고, 22일까지는 ‘대한민국 수산대전’에서 수산물을 최대 50% 저렴한 가격에 만나볼 수 있다.",http://www.kwangju.co.kr/article.php?aid=1770537000795403005,http://www.kwangju.co.kr/upimages/thumb/5200x120_795403.jpg
2026-02-05,kwangju,jeonnam,광주·전남 고령층 노후 생활 좀 나아지려나…주택연금 더 많이 받는다,72세·주택 가격 4억 기준 3% 늘어…1억 8000만원 미만 우대폭 확대 가격 낮은 중소형 주택 보유 고령층 많은 광주·전남 지역민 혜택 클듯 금융위 2026년 주택연금 개선방안…초기 보증료 내려 가입부담 완화,"주택연금 월 수령액이 평균 가입자 기준 약 3% 늘어나고 우대 지원 대상자의 보유 주택 시가가 1억 8000만원 미만일 때 주택연금 수령액 우대 폭을 확대하는 등 취약 고령층에 대한 지원이 강화된다.
이번 개편으로...","주택연금 월 수령액이 평균 가입자 기준 약 3% 늘어나고 우대 지원 대상자의 보유 주택 시가가 1억 8000만원 미만일 때 주택연금 수령액 우대 폭을 확대하는 등 취약 고령층에 대한 지원이 강화된다. 이번 개편으로 전국 중 상대적으로 주택 가격이 낮고 고령 인구 비중이 높은 광주·전남 지역 가입자에게 체감 효과가 클 것으로 보인다. 특히 1억 8000만원 미만 주택에 대한 우대 폭이 확대됨에 따라 가격이 낮은 중소형 주택 보유 고령층이 많은 광주·전남지역의 특성상 실질적인 노후 소득 보완 수단으로 활용도가 높아질 것으로 기대된다. 5일 금융위원회가 발표한 ‘2026년도 주택연금 개선방안’에 따르면 주택연금 계리모형을 재설계하고 3월 1일 이후 신규 가입자부터 전반적으로 수령액이 확대된다. 평균 가입자(72세·주택 가격 4억원)를 기준으로 월 수령액은 129만 7000원에서 133만 8000원으로 약 3.13% 증가한다. 전체 가입 기간 기준으로는 약 849만원을 더 받게 된다. 취약 고령층에 대한 지원도 강화된다. 6월 1일 이후 신규 가입자부터는 우대 지원 대상자의 보유 주택 시가가 1억 8000만원 미만일 경우 주택연금 수령액 우대 폭이 확대된다. 예를 들어 주택 가격 1억 3000만원인 77세 가입자의 경우 우대 금액이 월 9만 3000원에서 12만 4000원으로 늘어난다. 부부 중 1인이 기초연금 수급자이고 부부 합산 1주택자이면서 시가 2억 5000만원 미만 주택에 거주하면 우대형 주택연금이 적용된다. 주택연금 가입 부담을 낮추기 위한 조치도 시행된다. 다음달 1일부터 신규 가입 시 초기 보증료는 주택 가격의 1.5%에서 1.0%로 인하되고 초기 보증료 환급 가능 기간은 3년에서 5년으로 확대된다. 다만 보증료 인하로 연금 수령액이 줄어드는 것을 막기 위해 연 보증료는 대출 잔액의 0.75%에서 0.95%로 소폭 인상된다. 6월 1일 이후 신규 신청자에게는 주택연금 가입 시 실거주 의무에 대한 일부 예외도 허용된다. 부부 합산 1주택자가 질병 치료, 자녀 봉양, 노인주거복지시설 입주 등 불가피한 사유로 담보 주택에 실거주하지 못할 때도 가입이 가능해진다. 담보 주택을 제삼자에게 임대 중이더라도 한국주택금융공사의 승인을 받으면 주택연금 가입이 허용된다. 또 주택연금 가입자가 사망한 뒤 만 55세 이상 자녀가 동일 주택을 담보로 가입을 희망하면 별도의 채무 상환 절차 없이 주택연금에 가입할 수 있도록 제도를 개선한다. 지난해 말 기준 주택연금 누적 가입자는 약 15만가구다. 금융위는 이번 제도 개선으로 가입률이 지난해 말 2% 수준에서 2030년까지 3%로 상승할 것으로 기대하고 있다. 금융위와 주택금융공사는 “이번 제도 개선으로 주택연금 가입 유인이 한층 강화될 것”이라며 “향후 관계 부처와 함께 지방 가입자 우대 방안도 발굴할 계획”이라고 말했다.",http://www.kwangju.co.kr/article.php?aid=1770287400795333005,http://www.kwangju.co.kr/upimages/thumb/5200x120_795333.jpg
2026-02-05,kwangju,jeonnam,올 광주 인력 수요 26만명…돌봄·보건 ‘쏠림’,광주인자위 인력·훈련 수급 분석 결과 간호사·보육교사 훈련공급 미달…인력 미스매치 심화,"올해 광주지역에서 필요한 인력 중 돌봄·보건 분야 수요가 급증하고 있는 것으로 나타났다.
광주지역인적자원개발위원회(광주인자위)는 5일 ‘2025년도 광주지역 인력·훈련 수급분석 결과보고서’를 통해 이 같은 내용을 ...","올해 광주지역에서 필요한 인력 중 돌봄·보건 분야 수요가 급증하고 있는 것으로 나타났다. 광주지역인적자원개발위원회(광주인자위)는 5일 ‘2025년도 광주지역 인력·훈련 수급분석 결과보고서’를 통해 이 같은 내용을 발표했다. 이번 조사는 광주지역 5인 이상 사업체 1000곳을 대상으로 진행됐다. 보고서에 따르면 2026년 광주지역 전체 인력수요 전망치는 26만 4629명으로 집계됐다. 직종별로는 ‘경영지원 사무원’이 2만 1871명(8.3%)으로 가장 많았고, 돌봄서비스 종사자(1만 8583명·7.0%), 간호사(1만 5349명·5.8%), 청소·방역·가사서비스원(1만 4848명·5.6%), 제조 단순종사자(1만 3086명·4.9%)이 뒤를 이었다. 직업훈련 수요는 구직자 대상 양성훈련과 재직자 향상훈련 모두 돌봄서비스 직종에 집중됐다. 양성훈련 수요의 17.2%, 향상훈련 수요의 17.3%가 돌봄서비스 종사자로 나타나 휴먼서비스 분야 인력 양성 필요성이 두드러졌다. 간호사와 보육교사 등 보건·복지 직종도 상위권을 차지했다. 문제는 수요 대비 훈련 공급 부족이다. 수급 분석 결과, 양성훈련에서는 간호사가 1056명으로 가장 큰 부족이 예상됐고, 보육교사(762명), 전기·전자 부품 생산기계 조작원(605명) 순으로 공급이 모자랄 것으로 나타났다. 향상훈련에서는 돌봄서비스 종사자가 2124명 부족할 것으로 전망돼 인력 부조화(미스매치)가 가장 심각한 직종으로 꼽혔다. 광주인자위는 보고서 내용을 토대로 올해 집중 육성할 ‘우선공급 훈련직종’ 50개를 선정했다. 양성훈련 29개, 향상훈련 21개 직종으로 디지털 전환 대응 직종과 제조 숙련 기술, 보건·돌봄 필수 서비스 분야 등을 포함했다. 인자위는 조사 결과를 바탕으로 자동차·가전 제조 등 주력 산업과 보건·복지 분야 맞춤형 훈련 과정을 집중 개발해 지역 일자리 정책의 기초 자료로 활용할 계획이다. 이후형 광주인자위 사무처장은 “숙련 인력 부족이 심각한 보건·복지 분야와 이동 수단·가전 제조 분야의 전략적 훈련 확대를 통해 인력 미스매치를 해소하고 양질의 일자리 창출에 기여하겠다”고 말했다.",http://www.kwangju.co.kr/article.php?aid=1770285600795332005,http://www.kwangju.co.kr/upimages/thumb/5200x120_795332.jpg
2026-02-05,kwangju,jeonnam,“광주·전남 주력산업 타격…미 관세 재인상 대비 서둘러야”,"광주경총 “광주 자동차·부품, 전남 석유화학·철강 피해 불가피” 긴급 자금 지원 단기 조치, 산업구조 고도화 등 장기 조치 필요","미국이 한국산 자동차 등에 대한 관세를 다시 25%로 올릴 가능성이 제기되면서 광주·전남 수출 산업의 선제 대응 필요성이 커지고 있다.
 자동차·부품, 석유화학·철강 등의 비중이 높은 지역 산업 구조상 미국발 관세...","미국이 한국산 자동차 등에 대한 관세를 다시 25%로 올릴 가능성이 제기되면서 광주·전남 수출 산업의 선제 대응 필요성이 커지고 있다. 자동차·부품, 석유화학·철강 등의 비중이 높은 지역 산업 구조상 미국발 관세 재인상 시 감당하기 힘든 수준의 경제적 충격이 우려되고 있다. 광주경영자총협회(광주경총)는 5일 보도자료를 통해 “미국 관세가 15%에서 25%로 재인상되면 자동차·부품과 일부 제약·정밀화학 기업이 큰 영향을 받을 수 있다”며 사전 준비가 필요하다는 의견을 밝혔다. 업계에 따르면 현재 미국 트럼프 행정부는 한국산 수입품의 관세를 15%에서 25%로 재인상하는 내용을 골자로 한 관보 게재를 준비하고 있다. 도널드 트럼프 미국 대통령은 최근 사회관계망서비스(SNS)에 “한국산 자동차·목재·의약품 등 품목별 관세와 기타 모든 상호관세를 한미 무역 합의 이전 수준인 25%로 다시 올리겠다”고 밝힌 상태다. 2024년 미국의 한국산 재화 수입 규모는 1316억 달러로, 지역 주력 산업인 자동차·부품과 화학·의약품이 상당 비중을 차지하고 있다는 게 광주경총의 설명이다. 광주는 수출 구조상 완성차·부품 등 운송장비 의존도가 높으며, 광주경총은 추가 관세가 붙게 되면 기아 오토랜드 광주와 1·2차 협력사는 현지 판매가 조정 또는 마진 축소 압력을 받을 가능성이 있다고 예상했다. 단가 인하 요구와 물량 조정으로까지 이어질 수 있다는 전망도 나온다. 이미 타이어·가전 일부 품목은 수출 둔화 흐름을 보이고 있으며, 미국 수출 비중이 높은 기업일수록 투자 보류와 고용 조정 압력이 높아질 수 있다는 우려도 제기된다. 전남 역시 석유화학·철강·조선이 주력 산업인 데다 자동차·운송장비 수출도 빠르게 늘고 있어 대미 관세가 다시 오르면 부담이 확대될 것이라는 분석이다. 여수·광양의 기초 화학 산업은 직접 관세 대상이 아니지만 미국과 세계 제조업 둔화 시 화학·철강 수요 위축과 단가 하락으로 간접적인 영향을 받게 된다는 것이다. 전남의 제약·바이오·정밀화학 기업 가운데 미국 수출 비중이 높은 업체는 바이어가 유럽연합(EU)이나 미국 내 생산으로 대체할 유인이 커질 수 있어 매출 감소와 함께 연구개발(R&D)·설비투자 여력 축소 가능성도 거론된다. 이 같은 관세 위험은 완성차 실적을 거쳐 지역 협력사 등 부품 업계로 확산할 수 있다는 우려도 나온다. 증권가는 관세율이 25%로 재인상된다면 현대차·기아의 경우 올해에만 5조~10조원 수준의 추가 영업손실을 볼 것으로 관측했다. 이는 부품 단가 압박과 협력사 수익성 저하로 이어질 수 있다는 분석이다. 정부도 대응에 나서고 있다. 여한구 산업통상자원부 통상교섭본부장은 최근 미국을 방문해 관세 인상 보류를 요청했고 조현 외교부 장관도 미국에 철회 또는 유예를 설득 중이지만 아직까진 별다른 성과가 나오지 않고 있다. 양진석 광주경총 회장은 “미국 비중이 높은 자동차·부품·제약·정밀화학 기업을 선별해 긴급 운전자금, 수출 보험, 환변동보험 지원 등 단기 조치가 필요하다”며 “장기적으로 광주는 전기차·자율주행, 전남은 이차전지·첨단소재·정밀화학 중심으로 산업 구조를 고도화해 관세가 붙어도 쉽게 대체하기 어려운 ‘고부가 공급자’로 전환해야 한다”고 제언했다.",http://www.kwangju.co.kr/article.php?aid=1770284400795331005,http://www.kwangju.co.kr/upimages/thumb/5340x230_795331.jpg
2026-02-05,kwangju,jeonnam,광주·전남 이마트·롯데마트발 새벽배송 시대 열리나,,"정치권에서 그동안 대형마트 실적 부진의 주요 원인으로 꼽혀왔던 새벽배송을 가능하도록 유통산업발전법 개정을 논의 중인 것으로 알려지면서 대형마트 업계와 소상공인·자영업자들의 반응이 엇갈리고 있다.
 대형마트들은 특히 지방 단위에서도 새벽배송이 가능해져 실적 개선은 물론 외연 확장이 가능해질 것이라는 기대감을 나타낸 반면 소상공인들은 골목상권 쇠락 가속화 등을 우려하고 있다.
5일 정치권에 따르면 더불어민주당과 정부, 청와대는 지난 4일  서울 여의도 수출입은행 본...","정치권에서 그동안 대형마트 실적 부진의 주요 원인으로 꼽혀왔던 새벽배송을 가능하도록 유통산업발전법 개정을 논의 중인 것으로 알려지면서 대형마트 업계와 소상공인·자영업자들의 반응이 엇갈리고 있다. 대형마트들은 특히 지방 단위에서도 새벽배송이 가능해져 실적 개선은 물론 외연 확장이 가능해질 것이라는 기대감을 나타낸 반면 소상공인들은 골목상권 쇠락 가속화 등을 우려하고 있다. 5일 정치권에 따르면 더불어민주당과 정부, 청와대는 지난 4일 서울 여의도 수출입은행 본점에서 실무 협의회를 열고 유통산업발전법 개정에 대해 논의했다. 기존 유통산업발전법은 대형마트의 경우 자정부터 오전 10시까지 새벽시간 동안 영업할 수 없고 매월 의무휴업일 2일을 지정토록 하고 있다. 이에 따라 대형마트들은 유통산업이 쿠팡 등을 중심으로 전자상거래 및 배달 서비스 중심으로 변화하는 흐름에도 새벽배송 서비스 등을 도입하지 못했고, 코로나19 이후 소비자들의 쇼핑 트렌드 자체가 변하면서 실적 부진을 면치 못하고 있는 상황이다. 당·정·청은 이번 실무 협의회에서 유통산업발전법 예외 조항을 만들어 전자상거래의 경우 영업시간 관련 규제를 적용하지 않는 방향으로 개정하는 방안을 논의한 것으로 전해지면서 대형마트 업계에선 새벽배송 서비스 개시에 대한 기대감이 커지고 있다. 광주의 한 대형마트 관계자는 “해당 법 개정이 이제 논의를 시작하는 단계로 전해들었는데, 당장 규제가 풀린다고 해도 현재 인프라에서 새벽배송 등 서비스로 이어지기 위한 인력 충원, 배송 방식 등 구체적인 방안을 논의할 시간은 필요할 것으로 보인다”면서도 “실제 법이 개정된다면 필요할 때 소비자들이 물품을 배송시킬 수 있게 되는 등 소비자 편의 증진에 대한 여지 정도는 생길 수 있다고 보고 있다”고 말했다. 특히 대형마트 특성 상 지역별로 대부분 점포가 자리잡고 있는 만큼 법 개정과 동시에 새벽배송을 받을 수 있는 소비 환경이 빠르게 조성될 것으로 예상되고 있다. 온·오프라인 유통업체 간 가격 경쟁을 통한 물가 인하부터 개인정보 유출로 곤혹을 치르고 있는 쿠팡의 대안이 될 수 있다는 의견도 나온다. 다만 소상공인과 자영업자 단체들은 당·정·청의 법 개정 논의에 강력 반발하고 있다. 한국중소상인자영업자총연합회(연합회)는 이날 ‘대형마트 규제 완화 논의 백지화’ 등의 내용을 담은 성명서를 내고 “이번 대형마트 규제 완화 논의는 쿠팡이라는 거대 기업에 치이고, 쿠팡의 대항마로 대형마트를 키우기 위해 경기 침체에 우는 영세 자영업자들을 무한 경쟁으로 밀어넣는 무책임한 처사”라고 비판했다.",http://www.kwangju.co.kr/article.php?aid=1770284066795330005,
2026-02-05,kwangju,jeonnam,"롯데백화점 광주점, “비너스 란제리 연중 최저가 만나보세요”",,"롯데백화점 광주점은 “오는 12일까지 4층 이벤트홀에서 ‘비너스 균일가전’을 진행한다”고 5일 밝혔다
비너스 균일가전은 인기 란제리 브랜드인 비너스 제품을 연중 최저가에 만나볼 수 있는 행사로, 1년에 단 한 번만...","롯데백화점 광주점은 “오는 12일까지 4층 이벤트홀에서 ‘비너스 균일가전’을 진행한다”고 5일 밝혔다 비너스 균일가전은 인기 란제리 브랜드인 비너스 제품을 연중 최저가에 만나볼 수 있는 행사로, 1년에 단 한 번만 열린다. 이번 행사에서는 1~2년차 이월 상품들을 최대 80%까지 할인하고, 특가 상품들도 별도로 선보인다. 올해는 행사 상품도 300여 품목으로 전년 대비 대폭 확대했다. 대표 상품으로는 ‘뉴 메모리 세트’, ‘오르화 컴포트 세트’, ‘코트나 텐셀 남성 드로즈’ 등이 있다. 더불어 당일 20만원 이상 구매 고객을 대상으로 1만원 롯데상품권을, 40만원 이상 구매 고객에게는 2만원 롯데상품권을 증정하는 프로모션도 진행한다.",http://www.kwangju.co.kr/article.php?aid=1770282900795329005,http://www.kwangju.co.kr/upimages/thumb/5200x120_795329.jpg
2026-02-04,kwangju,jeonnam,1월 노란우산 신규 가입 광주·전남 전년비 2배 이상 증가,전국 가입자수 40.6% 늘어,"경기 둔화와 소비 심리 위축 등으로 안전망 수요가 증가하면서 전국 노란우산 신규 가입자가 크게 늘어났다. 특히 광주·전남은 전년 대비 2배 이상 증가한 것으로 나타났다.
중소기업중앙회(중기중앙회)는 지난 1월 한달...","경기 둔화와 소비 심리 위축 등으로 안전망 수요가 증가하면서 전국 노란우산 신규 가입자가 크게 늘어났다. 특히 광주·전남은 전년 대비 2배 이상 증가한 것으로 나타났다. 중소기업중앙회(중기중앙회)는 지난 1월 한달간 노란우산 신규 가입자 수가 2만 5062명으로 전년 동월(1만 7819명) 대비 40.6% 늘었다고 4일 밝혔다. 특히 가입이 편리한 온라인을 통한 가입자 수는 6801건으로 전년 1월(4047명)보다 68.1% 증가했다. 노란우산은 폐업이나 노령 등 경영 위기 시 생활 안정과 사업 재기를 지원하기 위해 2007년부터 중기중앙회가 운영하는 공적제도다. 노란우산 가입 시 소득공제 혜택(연 최대 600만원)부터 납입 원금에 연복리 이자가 적용돼 목돈 마련을 돕고 공제금은 법적으로 압류 금지돼 위기 상황에서 최소한의 생활 안정을 확보할 수 있다. 광주·전남 가입자 역시 증가세를 보였다. 광주 신규 가입자 수는 691명으로 전년 동월(315명)보다 2배 넘게 늘었다. 전남 역시 1089명으로 지난해 같은달(467명) 대비 크게 증가했다. 온라인 가입자 수도 전년 대비 광주 68명, 전남 108명 많아졌다. 중기중앙회 관계자는 “불확실한 경영 환경으로 안전망 수요가 증가하면서 노란우산에 대한 소기업·소상공인의 관심이 높아지고 있는 것으로 보인다”며 “가입 편의성 등으로 온라인 가입 비중 역시 꾸준히 증가하는 추세”라고 설명했다. 중기중앙회는 이달 말까지 ‘노란우산 온라인 가입 프로모션’으로 가입자 수를 더 확대할 계획이다. 이번 프로모션을 통해 소기업·소상공인 대표가 오는 28일까지 노란우산 누리집 또는 모바일 앱을 통해 신규 가입하면 5만원 상당의 쿠폰(온누리상품권 또는 농협맛선 중 택1)을 받을 수 있다.",http://www.kwangju.co.kr/article.php?aid=1770198300795278005,http://www.kwangju.co.kr/upimages/thumb/5200x120_795278.jpg
2026-02-04,kwangju,jeonnam,양도세 중과 부활에 시장 촉각…광주·전남 영향은 미미,"수도권 규제지역 한정…지방 주택 보유자는 대상 제외 투자 수요 상대적으로 가격 낮은 지방으로 이동 가능성 이 대통령, 보유세 인상까지 거론하며 연일 압박 강화","이재명 대통령이 연일 다주택자에 대한 양도소득세 중과 적용 등을 강조하면서 수도권 부동산 시장이 긴장하고 있다. 
중과 대상이 조정대상지역 등 규제 지역 내 주택으로 한정돼 있어 미분양 증가와 거래 침체가 이어지고...","이재명 대통령이 연일 다주택자에 대한 양도소득세 중과 적용 등을 강조하면서 수도권 부동산 시장이 긴장하고 있다. 중과 대상이 조정대상지역 등 규제 지역 내 주택으로 한정돼 있어 미분양 증가와 거래 침체가 이어지고 있는 광주·전남 부동산 시장에 미치는 영향력은 미미할 것으로 보인다. 지역 주택업계에선 오히려 이번 수도권 규제 강화 조치에 따라 다소 이른 감은 있지만 지방 투자수요를 불러오는 ‘풍선 효과’ 를 기대하는 의견도 나온다. 4일 정부와 주택업계 등에 따르면 오는 5월 9일 다주택자 양도세 중과 유예가 종료될 예정이다.다주택자 양도세 중과는 조정대상지역 내 주택을 두 채 이상 보유한 사람의 양도소득세에 20~30% 가산세율을 적용하는 제도로, 10·15 부동산 대책으로 조정대상지역에 포함된 서울 전역과 경기 일부 지역 다주택자들이 주택을 팔 때 양도세 중과가 적용 대상이다. 이재명 대통령은 이날 소셜미디어 X(옛 트위터)에서 ‘세입자 낀 다주택자, 어떻게 탈출하란 말인가’라는 제목의 언론 사설을 공유하며 “이미 4년 전부터 매년 종료 예정됐던 것인데 대비 안 한 다주택자 책임 아닌가”라며 “부동산 투자·투기하며 또 연장하겠지라는 부당한 기대를 가진 다주택자보다 집값 폭등에 고통받는 국민이 더 배려받아야 한다”고 지적했다. 앞서 이 대통령은 지난달 27일 국무회의 모두발언에서도 “다주택자 양도세 중과 유예는 작년에 연장할 때 올해 5월 9일이 끝이라고 명백하게 예정된 것”이라고 못 박았고, 최근 X에서도 “5월 9일 만기인 다주택자 양도세 면제 연장은 전혀 고려하지 않고 있다”고 재차 강조했다. 현재 조정대상지역에서 제외된 광주·전남 지역 주택 소유자들은 직접적인 세 부담 증가 대상에서는 빠져 있다. 지역 업계 관계자는 “광주·전남에만 주택을 보유한 다주택자의 경우 이번 중과 부활로 인한 직접 영향은 없다”면서도 “다만 광주·전남 거주자라도 서울 등 규제 지역에 주택을 보유하고 있다면 해당 주택을 매도할 때는 중과 대상이 된다”고 설명했다. 지방 부동산 시장의 관심은 수도권 규제 강화가 지방 시장에 어떤 간접 효과를 미칠지다. 수도권 매도 부담이 커질 경우 투자 수요가 상대적으로 가격이 낮은 지방으로 이동할 가능성이 있기 때문이다. 지역 부동산 관계자는 “수도권 쪽 투자자들이 눈을 지방으로 돌릴 가능성도 있다”며 “다주택자 양도세 중과가 적용된 후 지방 아파트가 가격 경쟁력이 있고 투자 가치가 있다고 판단되면 매입으로 이어질 수 있다”고 분석했다. 그는 “과거 투기과열지구 지정 당시에도 풍선 효과로 지방까지 영향을 받은 사례가 있었다”며 “다만 부동산 시장은 섣불리 단정하기 어렵다”고 덧붙였다. 일부에서는 “광주까지 투자 수요가 본격적으로 유입되기는 쉽지 않을 것”이라는 신중론도 나온다. 지역 업계 관계자는 “단정할 수는 없지만 금전적인 효과가 일부라도 나타날 수 있다는 기대는 해볼 수 있다”고 전망했다. 여기에 이 대통령이 보유세 인상 가능성을 시사한 발언도 시장의 변수가 되고 있다. 이 대통령은 최근 X에 양도세 중과 정책이 ‘반짝 효과’에 그칠 수 있다는 내용의 기사를 공유하며 “팔면서 내는 세금보다 들고 버티는 세금이 더 비싸도 그렇게 할 수 있을까요”라고 적었다. 양도세 부담이 커지면 집을 가지고 버티겠다는 시장 일각의 분위기를 겨냥하며 보유세 강화를 예고한 발언으로 풀이된다. 전반적으로 광주·전남 부동산 시장에 대한 단기 충격은 크지 않지만 수도권 규제 강화와 보유세 논의가 맞물릴 경우 중장기적으로는 자금 흐름과 투자 심리에 변화를 줄 수 있다는 전망이다. 지역 업계에서는 “아직은 이르지만 수도권 규제가 지방 시장에 어떤 파장을 가져올지 면밀한 관찰이 필요하다”고 입을 모았다. 지역 부동산 업계 관계자는 “부동산과 증권 시장의 흐름을 함께 봐야 한다”며 “현재는 자금이 증권시장으로 많이 이동해 있지만 주식시장이 약세로 돌아서면 자금이 다시 부동산으로, 또 지방 부동산 시장으로 유입될 가능성도 배제할 수 없다”고 내다봤다.",http://www.kwangju.co.kr/article.php?aid=1770196500795277005,http://www.kwangju.co.kr/upimages/thumb/5200x120_795277.jpg
2026-02-03,kwangju,jeonnam,광주·전남 1월 물가 상승폭 둔화…각각 1.8%·2.1% 상승,정부 먹거리 중심 물가 안정 노력 영향,"광주·전남지역 1월 중 소비자물가 상승률이 전년 대비 각각 1.8%, 2.1%를 기록했다.광주 소비자물가 상승률이 1%대를 기록한 것은 지난해 8월(1.4%) 이후 5개월만으로 새해 들어 정부의 먹거리 중심 물가 안...","광주·전남지역 1월 중 소비자물가 상승률이 전년 대비 각각 1.8%, 2.1%를 기록했다.광주 소비자물가 상승률이 1%대를 기록한 것은 지난해 8월(1.4%) 이후 5개월만으로 새해 들어 정부의 먹거리 중심 물가 안정 노력이 영향을 미친 것으로 분석된다. 3일 국가데이터처 호남지방데이터청이 발표한 ‘2026년 1월 광주·전남 소비자물가 동향’에 따르면 광주시 1월 소비자물가지수는 118.04로 전년 동월(115.94) 대비 1.8% 상승했다. 지역민들의 체감물가를 반영하는 생활물가지수도 120.69로 전년 동월보다 1.8% 올랐다. 특히 식품 생활물가지수가 2.3%의 높은 상승률을 보였다. 신선식품에서는 신선어개(생선·해산물)와 신선과실지수가 각각 6.9%, 6.6% 올랐고, 신선채소는 8.7% 내렸다. 품목별로 보면 상품에서는 사과(20.9%), 고등어(17.5%), 쌀(16.6%) 등 먹거리와 상수도료(8.0%), 경유(2.6%) 에너지 분야 물가 상승폭이 컸다. 서비스에서는 유치원납입금(-88.5%), 국내여행비(-10.7%) 등의 물가가 하락했지만, 보험서비스료(15.3%), 택시료(12.4%), 공동주택관리비(3.5%) 등은 상승했다. 같은 기간 전남 소비자물가지수는 116.62에서 119.11로 2.1% 올랐다. 전남 생활물가지수는 1년 새 2.2% 상승했는데, 식품 생활물가지수가 2.9% 올라 큰 상승폭을 보였다. 품목 성질별로 상품 물가는 전년 동월 대비 1.9% 올랐는데, 농축수산물과 공업제품이 3.3%, 1.7%씩 상승했다. 품목별로는 고등어(17.2%), 쌀(16.0%), 기초화장품(8.2%), 돼지고기(5.8%) 등이 올랐고, 당근(-41.1%), 배(-30.5%), 귤(-14.7%), 자동차용LPG(-5.7%) 등이 내렸다. 서비스 물가는 2.4% 올랐으며, 집세(0.6%), 공공서비스(1.0%), 개인서비스(3.2%) 등 모든 분야에서 고른 상승폭을 보였다. 품목별로 보험서비스료(15.3%), 주택관리비(2.6%), 진료비(2.0%) 등이 올랐다.",http://www.kwangju.co.kr/article.php?aid=1770108900795218005,http://www.kwangju.co.kr/upimages/thumb/5200x120_795218.jpg
2026-02-03,kwangju,jeonnam,빛가람혁신도시 공공기관 채용 확대…지역 고용한파 풀리나,"한전, 5년만에 정규직 1000명대 채용 예고…전년 대비 2배 상승",빛가람혁신도시 이전 공공기관들이 정부의 신규 채용 확대 방침에 발맞춰 올해 정규직 채용을 대폭 늘리기로 했다. 특히 국내 최대 공기업 한국전력공사(한전)가 5년만에 1000명 이상 정규직 채용을 예고하면서 광주·전남...,"빛가람혁신도시 이전 공공기관들이 정부의 신규 채용 확대 방침에 발맞춰 올해 정규직 채용을 대폭 늘리기로 했다. 특히 국내 최대 공기업 한국전력공사(한전)가 5년만에 1000명 이상 정규직 채용을 예고하면서 광주·전남 취업준비생들의 기대감도 높아지고 있다. 3일 한전 등 이전 공공기관들에 따르면 올해 공공기관들의 신규 채용 규모는 2배 이상 증가할 것으로 전망된다. 앞서 정부는 지난 29일 열린 ‘2026 공공기관 채용정보박람회’를 통해 올해 공공기관 신규 채용 규모를 전년 대비 4000명 늘어난 2만 8000명 수준으로 밝혔는데, 이는 코로나19 이전인 2020년 이후 최대 규모다. 정부 방침에 따라 각 공공기관별 채용 규모가 커질 것으로 예상되고 있으며, 특히 빛가람혁신도시에서는 한전이 채용 규모를 대폭 확대하기로 했다. 한전은 올해 1000여명의 정규직 채용이 예상되며 이는 2021년(1047명) 이후 5년만에 최대치다. 한전은 2021~2023년 코로나19와 러-우크라이나 전쟁, 중동 분쟁 등 국제정세 악화로 3년 만에 총부채 200조원, 누적적자 45조원을 기록한 이후 재정난 해소를 위해 정규직 채용 규모를 대폭 줄여왔다. 공공기관 경영정보 공개시스템 ‘알리오’에 공시된 자료에 따르면 연도별 한전 정규직 채용 규모는 2020년 1547명, 2021년 1047명, 2022년 482명 등 매년 500여명씩 신입사원이 줄었다. 이어 재무위기 지격탄을 맞은 2023년에는 266명으로 전년 대비 반토막이 났다. 2024년(600명)에는 필요 인원에 따라 정규직 채용 규모를 조금 늘렸지만, 2025년(427명) 다시 고용이 위축되는 모습을 보였다. 올해 한전은 공공기관 경영 효율화 기조 속에서도 정부의 청년 일자리 창출 우선 방침을 지키기 위해 지난해보다 2배 이상 늘어난 1000여명으로 확대할 방침이다. 한전을 비롯한 전력 3사, 한국농어촌공사 등 비교적 규모가 큰 공공기관에서도 올해 정규직 채용을 늘린다. 한전KDN은 이달 중순께 정확한 정규직 채용 규모를 확정지을 예정이지만, 대략적인 채용 인원은 사무·기술 분야 정규직과 무기계약직 정규직을 더해 200여명에 이를 것으로 전해졌다. 이는 2023년(45명), 2024년(97명), 2025년(104명) 채용 규모를 훌쩍 넘어선 수준이다. 이 밖에 한전KPS와 한국농어촌공사는 올해 정규직 채용 규모가 각각 300여명, 270여명 수준일 것으로 알려졌다. 이번 공공기관 정규직 채용 확대 기조가 광주·전남 청년들에게는 취업 기회가 될 것으로 예상된다. 혁신도시법에 따라 빛가람혁신도시 이전 공공기관들은 전체 채용에서 30% 이상을 지역인재로 채우고 있기 때문이다.",http://www.kwangju.co.kr/article.php?aid=1770106877795216005,http://www.kwangju.co.kr/upimages/thumb/5200x120_795216.jpg
2026-02-03,kwangju,jeonnam,한파에 전력 사용 상승해도 2월 수급 ‘이상 無’,"전력거래소, 2월 1주차 예비력 13.0~19.0GW","평균 기온이 낮아지며 난방 등 전력 수요량이 증가하고 있지만, 2월 전력 수급도 안정적으로 유지될 것으로 전망된다.
3일 한국전력거래소가 발표한 ‘2월 1주차 주간 수급실적 및 전망’에 따르면 지난 1월 5주차(1월...","평균 기온이 낮아지며 난방 등 전력 수요량이 증가하고 있지만, 2월 전력 수급도 안정적으로 유지될 것으로 전망된다. 3일 한국전력거래소가 발표한 ‘2월 1주차 주간 수급실적 및 전망’에 따르면 지난 1월 5주차(1월 26~30일) 전력 수요량은 85.3~86.7GW(기가와트)를 기록했다. 전력 수요량은 새해 들어 1월 1주차에 80GW를 처음 넘어선 뒤 난방용 전력 수요가 늘어나며 지속 상승해, 지난달 28일에는 103.4GW로 집계됐다. 1월 5주차 전력 공급량은 101.2~104.2GW로 예비력 15.3GW 이상을 기록하며 안정적인 전력 수급을 보였다. 2월 1주차에도 전력 수요량 및 예비력은 비슷한 수준을 기록할 것으로 예상된다. 이번 주 전력 수요량은 83.3~88.6GW, 공급량은 100.9~104.6GW로 예비력 13.0~19.7GW의 안정적인 전력 수급이 전망된다.",http://www.kwangju.co.kr/article.php?aid=1770106760795215005,http://www.kwangju.co.kr/upimages/thumb/200x120_795215.jpg
2026-02-03,kwangju,jeonnam,광주서 시작해 초대형 건설사로...정창선 중흥그룹 회장 별세,지역 건설사를 전국 규모 건설그룹으로…지역 경제 발전에도 기여 재무 안정·단계 경영으로 기반 다져 위기 넘긴 ‘원칙·책임 경영자’,"정창선 중흥그룹 회장이 별세했다. 향년 84세.
3일 유족에 따르면 고인은 지난 2일 오후 11시 40분께 광주 전남대학교병원에서 지병으로 입원해 치료를 받다가 사망했다.
1942년 광주에서 태어난 고인은 광주·...","정창선 중흥그룹 회장이 별세했다. 향년 84세. 3일 유족에 따르면 고인은 지난 2일 오후 11시 40분께 광주 전남대학교병원에서 지병으로 입원해 치료를 받다가 사망했다. 1942년 광주에서 태어난 고인은 광주·전남을 기반으로 중흥그룹을 창업해 지역 건설사를 국내 대형 건설그룹으로 성장시킨 입지전적 기업인으로 평가받는다. 평생 건설 산업에 몸담으며 주택 건설을 중심으로 토목·레저·미디어 등 사업 영역을 확장해 그룹의 외형을 키웠다. 정 회장은 경영 과정에서 무리한 외형 확대보다 재무 건전성과 사업 안정성을 중시하는 기조를 유지해 왔다. 세계 금융위기, 부동산 경기 침체 등 건설업 전반이 어려움을 겪던 시기에도 단계적인 사업 운영으로 그룹의 기반을 다졌다는 평가를 받는다. 대우건설 인수 이후에도 기존 사업과 신규 사업을 병행하며 비교적 안정적인 경영 기조를 이어왔다. 대형 건설사 인수로 재계 순위 20위권까지 그룹을 성장시키면서도 무리한 사업 확장 대신 단계적인 관리와 운영에 초점을 맞춘 점이 특징으로 꼽힌다. 고인은 기업 경영 외에도 지역 경제 발전에 기여했다. 2018년 3월부터 대한상공회의소 부회장으로 활동했으며 같은 해 3월부터 2024년 3월까지 광주상공회의소 회장을 맡아 지역 상공인의 목소리를 대변했다. 이 같은 공로로 2005년 주택건설의 날 동탑산업훈장, 2017년 제70회 건설의 날 건설산업발전 공로상, 같은 해 광주광역시민대상(지역경제진흥대상) 등을 수상했다. 평소 언론 노출을 자제하며 실무 중심의 경영을 이어온 인물로, 내부에서는 원칙과 책임을 중시하는 경영자로 평가받아 왔다. 중흥그룹 관계자는 “창업주의 뜻을 이어 안정적인 경영과 사회적 책임을 다하며 지속 가능한 기업으로 나아가겠다”고 말했다. 유족으로는 부인 안양임씨와 아들 정원주 중흥그룹 부회장(대우건설 회장), 정원철 시티건설 회장, 딸 정향미씨, 사위 김보현 대우건설 사장이 있다. 빈소는 광주시 서구 매월동 VIP장례타운에 마련됐으며 발인은 5일 오전 7시다. 화순 개천사에 임시 안장된 뒤 장지는 유가족 뜻에 따라 추후 결정될 예정이다.",http://www.kwangju.co.kr/article.php?aid=1770085320795206005,http://www.kwangju.co.kr/upimages/thumb/5200x120_795206.jpg
2026-02-03,kwangju,jeonnam,청년층 많은 광주 수완·첨단지구에 ‘편의점·커피숍’ 뜬다,지난해 편의점 개업 첨단2·수완·서남동 순 ‘20대 인기’ 헬스장은 신용·어룡·첨단2동 전남 편의점·커피숍 1순위는 순천 왕조1동,"10대 인구가 많은 광주 수완동과 첨단지구에 편의점·커피전문점이 가장 많이 생기는 것으로 나타났다.
 3일 국가데이터처 통계지리정보서비스에 따르면 지난해 광주에서 편의점이 가장 많이 생긴 동네는 광산구 첨단2동(5...","10대 인구가 많은 광주 수완동과 첨단지구에 편의점·커피전문점이 가장 많이 생기는 것으로 나타났다. 3일 국가데이터처 통계지리정보서비스에 따르면 지난해 광주에서 편의점이 가장 많이 생긴 동네는 광산구 첨단2동(5개), 광산구 수완동(5개), 동구 서남동(3개)인 것으로 나타났다. 수완동과 첨단2동은 10대 인구가 가장 많은 동네 중 하나이다. 지난해 광주에서 15~19세 인구가 가장 많은 동네는 수완동(6840명)에 이어 신창동(2595명), 첨단2동(2427명), 봉선2동(2332명), 풍암동(2166명) 등 순이었다. 수완동 15~19세 인구는 전년보다 3.7%(245명) 늘었다. 동구 서남동은 15~19세 인구 증가율이 남구 월산동(55.7%)에 이어 두 번째로 높은 동네로, 1년 새 57명에서 78명으로 36.8% 증가했다. 서남동과 수완동은 지난해 커피전문점이 많이 생긴 동네에도 이름을 올렸다. 서남동과 수완동에는 각각 9개의 커피전문점이 생겼다. 커피전문점이 가장 많이 개업한 곳은 서구 치평동으로, 한 해 20곳이 문을 열었다. 20대 청년이 문을 자주 두드리는 체육도장(헬스장)은 북구 신용동(3개), 광산구 어룡동·첨단2동(각 2개)에서 생겨났다. 광산구 어룡동 20대 인구는 전년보다 9.9%(368명) 늘어난 4078명으로, 광주에서 7번째로 많았다. 첨단2동 20대(6648명)는 수완동(9338명)에 이어 2번째로 많았고, 신용동(3109명)도 20위권 안에 들었다. 지난해 전남에서 편의점이 가장 많이 생긴 읍·면·동은 함평군 함평읍(8개), 순천시 왕조1동(4개), 목포시 상동(3개) 등으로 나타났다. 커피전문점은 순천시 왕조1동 (18개), 해남군 해남읍(18개), 순천시 중앙동(16개) 등에 활발히 개업했다. 체육도장업은 여수시 문수동(2개), 무안군 일로읍(2개), 목포시 부흥동(1개) 등에서 새로 생겨났다.",http://www.kwangju.co.kr/article.php?aid=1770082800795204005,http://www.kwangju.co.kr/upimages/thumb/5200x120_795204.jpg
2026-02-02,kwangju,jeonnam,레미콘 가격 담합 광양 7개 업체 무더기 적발,"2년간 3차례 납품 단가 올리고 건설사 압박해 부당이득 챙겨 공정위, 과징금 22억원 부과","전남지역 일부 레미콘 업체들이 납품 단가를 담합하고 건설사를 압박해 부당 이익을 챙겼다가 무더기로 적발됐다. 모든 업체들이 지역 시장을 완전 장악하고 가격과 물량을 통제하며 ‘담합 구조’를 만든 것으로 드러났다.
공정거래위원회(공정위)는 “광양시에서 레미콘을 제조·판매하는 7개 사업자의 민간공사용 판매가 짬짜미를 적발해 합계 22억 3900만원의 과징금 부과와 함께 시정명령을 내리기로 했다”고 2일 밝혔다. 이번 담합에는 광양 레미콘 시장 점유율 합계 100%...","전남지역 일부 레미콘 업체들이 납품 단가를 담합하고 건설사를 압박해 부당 이익을 챙겼다가 무더기로 적발됐다. 모든 업체들이 지역 시장을 완전 장악하고 가격과 물량을 통제하며 ‘담합 구조’를 만든 것으로 드러났다. 공정거래위원회(공정위)는 “광양시에서 레미콘을 제조·판매하는 7개 사업자의 민간공사용 판매가 짬짜미를 적발해 합계 22억 3900만원의 과징금 부과와 함께 시정명령을 내리기로 했다”고 2일 밝혔다. 이번 담합에는 광양 레미콘 시장 점유율 합계 100%인 9개 업체가 가담했으나, 2개 업체는 폐업해 공정위의 제재 대상에서 제외됐다. 공정위에 따르면 이들 업체는 2021년 5월부터 2023년 9월까지 수시로 이뤄진 영업 담당 임직원 모임을 통해 가격 인상 방안을 논의해 왔다. 이 과정에서 레미콘 판매단가를 기준 가격보다 75% 또는 86% 등 특정 수준의 할인율을 일괄 적용하기로 합의한 뒤 세 차례에 걸쳐 판매 가격을 인상한 것으로 조사됐다. 레미콘 업체들은 통상 기준 가격에 거래 건별로 서로 다른 할인율을 적용해 판매 가격을 책정하는데, 이 사건 업체들은 할인율까지 사전에 합의하면서 서로 동일한 기준 단가표를 사용했다는 점이 특징이다. 공정위는 이 같은 방식이 가격 경쟁을 원천적으로 차단하는 구조라고 판단했다. 이에 따라 기존에는 업체별로 차이가 있었던 1㎥당 레미콘 가격이 2021년 6월 인상 이후 7만 2400원으로 단일화됐고 2022년 4월에는 8만 6100원, 2023년 1월에는 9만 1200원으로 연속 상승했다. 이들 업체는 인상된 가격을 수용하지 않을 경우 레미콘 공장 가동을 중단하겠다고 건설업체를 압박했고 건설사들은 7개 사가 제시한 가격에 레미콘을 구매할 수밖에 없었다고 공정위는 전했다. 특정 업체가 가격을 낮춰 영업에 나설 경우 다른 업체들이 공급을 차단하는 방식으로 압박을 가한 정황도 확인됐다. 이들 업체 인근 지역의 한 레미콘 업체 관계자 A씨는 “우리 지역 기준 정상 단가로 계약했을 뿐인데도 광양 업체들이 ‘덤핑’(다른 물건보다 일부러 싸게 팔아 시장을 점유하려 하는 행위) 영업이라며 항의해 왔다”며 “현장에 납품하려 하면 각종 민원을 제기하고 우리 업체가 포함된 발주에 납품을 거부하는 등 노골적인 영업 방해와 ‘갑질’이 반복됐다”고 주장했다. A씨는 “건설업계에 오래 몸담았지만 이런 식으로 지역 시장을 묶어 놓는 사례는 보기 드물다”며 “이번 공정위 제재는 늦었지만 필요했던 조치”라고 강조했다. 7개 업체는 담합을 유지하기 위해 ‘근거리 사업자 우선 공급’ 등 물량 배분 원칙에도 합의했으며 사전에 정한 물량을 초과한 업체에는 신규·추가 납품을 거부하기도 했다. 공정위는 이같은 행위가 독점 규제와 공정거래에 관한 법률(공정거래법)에서 금지한 담합에 해당한다고 보고 소회의를 통해 제재를 결정했다. 담합으로 적발된 업체는 동양레미콘, 케이더블유, 고려레미콘, 광현레미콘, 중원산업, 서흥산업, 전국산업이며 업체별 과징금은 2억 6800만∼4억 3200만원 수준이다.",http://www.kwangju.co.kr/article.php?aid=1770032400795190005,
2026-02-02,kwangju,jeonnam,GGM 공채에 6년간 3만 5000명 지원…1024명 선발,평균 경쟁률 34.1대 1 기록 ‘지역 일자리 희망’으로 떠올라,"광주글로벌모터스(GGM) 설립 이후 6년간 진행된 공개 채용에 3만 5000명에 육박하는 지원자가 몰리는 등 GGM이 지역 대표 ‘청년 일자리 창출 모델’로 자리 잡고 있다.
2일 GGM에 따르면 2019년 법인 설립 이후 최근까지 총 20차례 공채를 진행한 결과 연인원 3만 4928명이 지원해 평균 34.1대 1의 경쟁률을 기록했다. 오는 3월 예정된 신규 채용에서 40여명이 추가 선발되면 누적 채용 인원은 1024명에 이른다.
GGM은 2020년 6회, ...","광주글로벌모터스(GGM) 설립 이후 6년간 진행된 공개 채용에 3만 5000명에 육박하는 지원자가 몰리는 등 GGM이 지역 대표 ‘청년 일자리 창출 모델’로 자리 잡고 있다. 2일 GGM에 따르면 2019년 법인 설립 이후 최근까지 총 20차례 공채를 진행한 결과 연인원 3만 4928명이 지원해 평균 34.1대 1의 경쟁률을 기록했다. 오는 3월 예정된 신규 채용에서 40여명이 추가 선발되면 누적 채용 인원은 1024명에 이른다. GGM은 2020년 6회, 2021년 5회에 걸쳐 총 689명을 채용하며 현대차 경형 SUV ‘캐스퍼’와 ‘캐스퍼 일렉트릭’의 양산 체제를 구축했다. 이후 지난해까지 매년 상하반기 두 차례 공채를 통해 10~57명을 꾸준히 선발해 왔다. 올해 1차 기술직·일반직 신입 및 경력사원 채용에는 1597명이 지원해 평균 34대 1의 경쟁률을 보였다. 지원자 구성도 다양해졌다. 올해 1차 공채에는 고졸부터 전문학사, 학사, 석사, 해외 유학파까지 폭넓은 학력의 인재가 몰렸고 연령대 역시 10대부터 60대까지 전 세대를 아우른 것으로 나타났다. 초창기인 2020~2021년 공채 당시에는 광주·전남 출신 지원자가 95%에 달했지만 이번 공채에서는 타 시·도 출신 비중이 12%까지 확대됐다. 합격자 유입 시 지역 인구 유입 효과도 기대되는 대목이다. 지원 범위가 전국 단위로 넓어지고 해외 인재까지 가세하면서 GGM의 성장 가능성을 보여준다는 평가다. 특히 이번 공채 지원자의 33.7%(538명)는 과거 불합격 이후 재도전한 지원자로 집계됐다. 일부 지원자는 합격할 때까지 계속 지원하는 사례도 있는 것으로 알려졌다. 단발성 관심이 아닌 장기적 선호가 누적된 결과라는 분석이다. 이직 후 재지원하거나 형제·부부가 함께 근무를 희망하는 사례도 늘고 있다. GGM 관계자는 “다양한 학력과 연령층에서 지원자가 몰린 것은 세계 자동차 위탁 생산 업체로 도약하고 있는 GGM의 미래 성장 가능성과 쾌적한 근무 환경에 대한 기대가 반영된 결과인 동시에 지역 취업난의 심각성을 보여주는 단면”이라며 “2교대 근무 체제 추진 등을 통해 청년들에게 양질의 일자리를 제공하는 데 최선을 다하겠다”고 말했다.",http://www.kwangju.co.kr/article.php?aid=1770029400795164005,
2026-02-02,kwangju,jeonnam,"수자원공사, 광양 1단계 노후관 개량 주요 구간 완료",산단 등 안정적 용수 공급 확보,"한국수자원공사(공사) 영·섬(영산강·섬진강)유역본부와 영산강유역환경청은 “‘광양 1단계 공업 용수도 노후관 개량사업’ 중 광양구간(22.3㎞) 공사를 성공적으로 마쳤다”고 2일 밝혔다. 
특히 준공 전 시설 사용 ...",한국수자원공사(공사) 영·섬(영산강·섬진강)유역본부와 영산강유역환경청은 “‘광양 1단계 공업 용수도 노후관 개량사업’ 중 광양구간(22.3㎞) 공사를 성공적으로 마쳤다”고 2일 밝혔다. <사진> 특히 준공 전 시설 사용 승인을 마쳐 새롭게 정비된 관로를 즉시 가동할 수 있게 돼 국가 산업의 중추인 여수·광양 산단에 안정적인 용수 공급이 가능할 것으로 기대된다. 총사업비 2146억원이 투입되는 이번 사업은 1980년대 설치돼 40년 이상 지난 노후 관로를 개량·교체해 여수·광양 국가산업단지에 공업 용수를 중단 없이 공급하기 위한 대규모 국책 사업이다. 이번에 시설사용 승인을 받은 광양 구간(다압취수장~신성리분기)은 전체 사업의 핵심 노선으로 노후 관로에 의한 파손·누수 사고 위험을 선제적으로 차단했다는 데 큰 의미가 있다고 공사는 설명했다. 김선호 영·섬유역본부장은 “국가 경제의 핵심인 산업단지 용수 공급은 한 치의 오차도 허용되지 않는 막중한 임무”라며 “철저한 공정 관리와 기술력을 바탕으로 남은 사업 구간도 적기에 완료해 지역 내 기업들이 물 걱정 없이 생산 활동에 전념할 수 있도록 최선을 다하겠다”고 말했다.,http://www.kwangju.co.kr/article.php?aid=1770027600795163005,http://www.kwangju.co.kr/upimages/thumb/5200x120_795163.jpg
2026-02-02,kwangju,jeonnam,“시·도 통합 재정 청년 친화 설계로 청년 인구 유출 막아야”,"광주경총 “재정 연 5조원, 고용 인센티브 중심 재설계 필요” ‘통합 청년 인재 아카데미’·‘청년 전용 트랙’ 구축 등도 제안","광주·전남 지역의 심각한 청년 인구 유출 문제를 해결하기 위해서는 시·도 행정 통합을 활용한 청년 일자리 정책의 전면 재설계가 필요하다는 주장이 제기됐다.
지역 경제계에선 시·도 행정 통합으로 확대되는 재정과 시장 규모를 청년 친화 구조로 설계한다면 행정통합 효과도 극대화할 것이라는 목소리가 나온다.
광주경영자총협회(광주경총)는 2일 이 같은 내용을 담은 보도자료를 내고 “광주·전남 행정 통합을 가정할 경우 청년 일자리 확대의 핵심은 ‘통합으로 늘어나는 재정...","광주·전남 지역의 심각한 청년 인구 유출 문제를 해결하기 위해서는 시·도 행정 통합을 활용한 청년 일자리 정책의 전면 재설계가 필요하다는 주장이 제기됐다. 지역 경제계에선 시·도 행정 통합으로 확대되는 재정과 시장 규모를 청년 친화 구조로 설계한다면 행정통합 효과도 극대화할 것이라는 목소리가 나온다. 광주경영자총협회(광주경총)는 2일 이 같은 내용을 담은 보도자료를 내고 “광주·전남 행정 통합을 가정할 경우 청년 일자리 확대의 핵심은 ‘통합으로 늘어나는 재정·시장 규모를 어떻게 청년 친화적으로 설계하느냐’에 달려 있다”고 주장했다. 특히 통합광역경제권을 전제로 대규모 투자 유치와 산업 집적을 통해 질 좋은 상용 일자리를 늘리고 연간 5조원 규모로 예상되는 통합 재정을 청년 고용 인센티브와 인력 양성에 전략적으로 배분해야 한다고 강조했다. 광주경총은 또 산업·투자 정책과 연계한 청년 고용 확대 방안으로 통합특별시 차원의 ‘청년고용 의무·인센티브 패키지’ 도입도 제안했다. 빛그린산단·에너지밸리·여수국가산단·첨단3지구 등 통합 산업단지에 입주하거나 증설하는 기업에 대해 청년 정규직 채용 비율 목표를 설정하고 이를 세제 혜택·보조금 지원과 연동하는 방식이다. 이를 통해 기업 입장에서는 고용 부담을 완화하면서도 청년 채용을 확대할 수 있고, 지역 차원에서는 안정적인 일자리 기반을 마련할 수 있다는 게 경총의 설명이다. 미래 산업 분야를 중심으로 한 ‘청년 전용 트랙’ 구축도 주요 대안으로 제시됐다. 인공지능(AI), 반도체, 에너지, 문화 콘텐츠 등 전략 산업 클러스터에 청년 전문 연구직, 청년 산학 장기 인턴, 청년 창업 보육센터를 묶은 전용 프로그램을 지정·지원해 청년이 통합 효과를 체감할 수 있도록 해야 한다는 것이다. 단순 취업 지원이 아닌 연구·창업·장기근속까지 연결되는 구조를 만들어야 지역에 머무는 청년 인재를 확보할 수 있다는 판단이다. 광주경총은 기존 광주·전남 청년 정책의 통합과 고도화의 필요성도 강조했다. 경총은 현재 양 지자체가 각각 운영하는 청년 고용·창업·주거·교육 사업을 ‘통합 청년 정책 패키지’로 묶어 중복을 줄이고 재원을 확대해 통합권역 전역에서 동일 기준으로 제공해야 정책 효과가 커질 것으로 내다봤다. 재직 청년의 장기근속과 지역 정착을 유도하기 위한 제도인 ‘광주형 청년일자리 공제’의 전남 확대 방안도 나왔다. 광주형 청년일자리 공제는 재직 청년에게 기업과 지자체가 공동으로 적립금을 쌓아 만기 시 목돈을 지급하는 방식으로, 이를 통합권 전역으로 확대하고 규모를 키우면 실질적인 지역 정착 유인이 될 수 있다는 분석이다. 교육·훈련 분야에서는 광주가 추진 중인 인공지능 사관학교, 반도체 특성화대학, 직업교육혁신지구 등을 통합권 차원의 ‘통합 청년 인재 아카데미’로 확장하고 전남의 캠퍼스·연구소·기업과 연계한 공동 교육·현장 실습 체계를 구축해야 한다는 제안을 내놨다. 광주경총은 또한 통합 RISE(지역혁신중심대학지원체계), 글로컬대학, 창업중심대학 사업을 광주·전남 공동 프로젝트로 설계해 졸업 직전부터 산업단지, 공공기관, 혁신도시 공기업과 연계한 사전 채용형 프로그램을 운영해야 한다고 강조했다. 청년 정착을 위해서는 일자리 정책을 주거·복지와 결합한 패키지 형태로 운영해야 한다는 점도 핵심 과제로 제안했다. 청년 월세 지원, 주거 정책, 문화·복지 사업을 통합권역 전체로 확대해 ‘일자리+주거+생활’ 패키지로 제공하면 광주·전남 내 이탈을 줄이고 인근 대도시로의 인구 유출을 완화할 수 있다는 것이다. 광주경총은 채용, 교육·훈련, 창업, 금융·공제, 주거 정보를 한 번에 처리할 수 있는 통합청년플랫폼 구축도 정책 체감도를 높이는 수단으로 제시했다. 양진석 광주경총 회장은 “광주·전남 행정 통합 시 청년 일자리 확대 방안은 통합 특화 산업과 연계한 청년 의무 고용과 인센티브, 기존 청년 정책의 통합·확대, 통합 인력 양성 체계, 주거·복지와 결합된 정착 패키지를 하나의 전략으로 묶어 설계하는 것이 가장 효과적이라는 게 경제계의 판단”이라고 말했다.",http://www.kwangju.co.kr/article.php?aid=1770025800795162005,
2026-02-02,kwangju,jeonnam,"남도장터, 전남 쇼핑몰 통합 경쟁력 강화…시·군 몰 연합 업무협약",기능 공유·공동 마케팅 등 협력,"남도장터가 전남 통합 쇼핑몰 기능을 강화해 지역 농수산품 홍보·판매에 나선다. 
 2일 전남도에 따르면 남도장터는 지난 28일 고흥·영암·완도군과 ‘남도장터·시군 몰 연합 시스템 업무 협약’〈사진〉을 맺고  공공형...","남도장터가 전남 통합 쇼핑몰 기능을 강화해 지역 농수산품 홍보·판매에 나선다. 2일 전남도에 따르면 남도장터는 지난 28일 고흥·영암·완도군과 ‘남도장터·시군 몰 연합 시스템 업무 협약’〈사진〉을 맺고 공공형 종합 유통 플랫폼으로서의 경쟁력 강화에 힘을 모으기로 했다. 협약은 ▲주문·결제·배송·정산 등 주요 쇼핑몰 기능 공유 ▲지역화폐 사용 등 신규 기능 개발 ▲공동 마케팅·프로모션 연계 확대 ▲쇼핑몰 입점 상품 품질 개선 등을 골자로 한다. 협약에 따라 이들 기관이 하나의 플랫폼으로 연계하는 통합 운영체계를 구축하게 되면 100만 명 규모의 통합회원을 확보할 수 있게 돼 공동 마케팅과 홍보를 통한 매출 증대 및 운영 비용 절감 등의 효과를 올릴 수 있을 것으로 기대되고 있다. 소비자 입장에서는 기존 시·군별 쇼핑몰을 이용할 때마다 회원 가입을 해야 했지만 연합 시스템이 도입되면 한 번의 가입만으로 남도장터와 3개 시·군몰을 이용할 수 있게 된다. 운영 측면에서도 남도장터가 구축한 통합 관리 시스템을 활용해 주문·발주·정산 일괄 처리가 가능해져 쇼핑몰 운영비도 기존보다 30% 절감될 것으로 분석됐다. 남도장터는 올해 총 9개 시·군몰과 추가로 연합 시스템 구축에 나서 ‘공공형 종합 유통 플랫폼’의 컨트롤타워 역할을 강화한다는 구상이다. 전남도도 오는 2027년까지 16개 시·군이 참여하는 연합 시스템으로 확대하는 ‘전남형 온라인 유통 생태계’ 구축 계획을 마련중이다. 김경호 남도장터 대표이사는 “이번 협약을 통해 ‘하나의 전남’, ‘함께 가는 공공형 쇼핑몰’을 우선 과제로 연합 쇼핑몰 규모를 확대해 나갈 것”이라고 말했다. 한편, 남도장터는 설 명절을 앞두고 농림축산식품부와 한국농수산식품유통공사(aT) 주관 ‘2026년 농축산물 할인지원’ 사업 공모에 선정된 데 따라 설 명절기간(2일~16일) 배추·무·포도·감귤(만감류)·소·돼지·닭·계란 등을 최대 30% 할인 판매한다. 전국 광역지자체 온라인 쇼핑몰 중 유일하게 선정된 것으로, 남도장터는 7년 연속으로 ‘2026년 농축산물 할인지원’ 사업에 선정됐다.",http://www.kwangju.co.kr/article.php?aid=1770024000795156005,http://www.kwangju.co.kr/upimages/thumb/5200x120_795156.jpg
2026-01-29,kwangju,jeonnam,광주·전남 1월 중 기업 체감경기 반등,"한은 광주전남본부 기업 심리 조사…제조업·비제조업 모두 개선 기업 경영 애로사항, 경쟁심화·내수부진·불확실성 등 꼽아","오랜 침체기를 겪고 있는 광주·전남지역 기업경기가 새해 들어 제조업과 비제조업에서 모두 소폭 반등한 것으로 나타났다. 지난해 4분기 중 연달아 하락했던 지역 기업심리지수(CBSI)가 80선 회복에 성공한 것이다.
...","오랜 침체기를 겪고 있는 광주·전남지역 기업경기가 새해 들어 제조업과 비제조업에서 모두 소폭 반등한 것으로 나타났다. 지난해 4분기 중 연달아 하락했던 지역 기업심리지수(CBSI)가 80선 회복에 성공한 것이다. 29일 한국은행(한은) 광주전남본부가 발표한 ‘2026년 1월 광주·전남지역 기업경기조사’에 따르면 광주·전남지역 제조업 CBSI는 1월 기준 83.7로 전월(78.3) 대비 5.4포인트(p) 상승했다. CBSI는 2003~2025년 장기평균치를 기준값 100으로 두고 이보다 높으면 낙관적, 낮으면 비관적임을 뜻한다. 올 1월 광주·전남은 아직까지 이 같은 기준치에는 미치지 못했지만, 지난해 12월 내수부진 등의 영향으로 80선마저 무너지며 하반기 중 최저치를 기록했던 점을 감안하면 지역 기업경기가 회복흐름을 보이고 있다는 것이 한은 측의 설명이다. 다만 지역 제조업계를 광주와 전남으로 구분하면 희비는 엇갈렸다. 광주 제조업 CBSI는 108.6으로 높은 수준을 유지했으나 전남은 74.4로 전국(97.5)에 크게 못 미쳤다. 구성지수의 기여도별로 보면 업황이 0.6으로 전월 대비 0.7p 떨어졌지만, 생산(2.8), 신규수주(1.5), 제품재고(0.4) 등 대부분 지수가 상승했다. 특히 지난달 마이너스를 기록했던 생산, 제품재고, 자금사정 등 항목의 상승폭이 컸다. 지난달 지역 비제조업 CBSI도 한달 전보다 2.9p 오른 92.4를 기록했고, 다음달 전망지수는 8.8p 오를 것으로 예상됐다. 광주(98.1)는 전국 평균(91.7)을 넘어섰지만, 전남(89.3)은 아직까지 부진을 면치 못하는 모습이다. 비제조업 CBSI는 매출과 채산성 개선 등이 상승 요인으로 작용했다. 구성지수 기여도별로 보면 매출이 1.7로 전월 대비 2.8p 올랐고, 채산성도 2.6p 오른 1.1을 기록했다. 이 밖에 자금사정도 0.4로 플러스 전환에 성공했다. 광주·전남 기업들은 경영 애로사항으로 여전히 내수부진 등을 꼽았다. 제조업의 경우 경쟁심화가 19.2%로 가장 큰 비중을 차지했고, 내수부진(17.7%), 불확실한 경제상황(15.0%) 순이었다. 정부의 소비진작 정책 등으로 내수부진이 차지하는 비중은 전월보다 4.1%p 하락했지만 여전히 주요 애로사항 중 하나로 지목됐다. 비제조업 기업은 내수부진이 전월보다도 1.8%p 오른 29.4%을 기록해 가장 큰 경영 애로사항으로 꼽혔다. 이어 인력난·인건비 부족(19.0%), 경쟁심화(10.3%) 등이 뒤를 이었다.",http://www.kwangju.co.kr/article.php?aid=1769678100795024005,http://www.kwangju.co.kr/upimages/thumb/5340x230_795024.jpg
2026-02-02,kwangju,jeonnam,5000선 내준 코스피 장중 매도 사이드카 발동,코스닥도 1100선 무너져,"새해 들어 연일 신기록을 경신하며 상승했던 국내 증시가 외국인과 기관의 순매도세로 폭삭 내려 앉았다. 코스피는 5000선을 내줬고, 코스닥도 1100선 아래로 추락했다. 미국발 ‘워시 쇼크’로 국제 금·은 가격도 급락하는 등 국내외 자본시장이 요동치고 있다.
2일 한국거래소에 따르면 코스피는 전일 대비 274.69p(5.26%) 내린 4949.67에 마감했다.이날 코스피는 전일보다 101.74p(1.95%) 하락한 5122.62에 출발한 뒤 지속 하락했다. 오...","새해 들어 연일 신기록을 경신하며 상승했던 국내 증시가 외국인과 기관의 순매도세로 폭삭 내려 앉았다. 코스피는 5000선을 내줬고, 코스닥도 1100선 아래로 추락했다. 미국발 ‘워시 쇼크’로 국제 금·은 가격도 급락하는 등 국내외 자본시장이 요동치고 있다. 2일 한국거래소에 따르면 코스피는 전일 대비 274.69p(5.26%) 내린 4949.67에 마감했다.이날 코스피는 전일보다 101.74p(1.95%) 하락한 5122.62에 출발한 뒤 지속 하락했다. 오전 중 5100선이 무너졌고, 오후에는 외국인과 기관들이 4조원대 순매도세를 보이는 등 ‘패닉 셀링’ 현상마저 불거지며 4900대까지 내려왔다. 코스피가 장중 지속 급락 추세를 보이면서 오후 12시 31분에는 올해 첫 유가증권시장 매도 사이드카(프로그램매매 매도호가 효력정지)가 발동되기도 했다. 사이드카는 선물시장 급등·급락이 현물 시장에 영향을 미치는 것을 막기 위해 코스피200 선물이 전일 종가 대비 5% 하락세를 1분 이상 지속할 경우 발동된다. 이날 유가증권시장은 대부분 업종이 하락했다. 금속(-6.98%), 전기·전자(-6.90%), 운송장비·부품(-5.53%), 기계·장비(-5.34%) 등의 하락폭이 컸다. 유가증권시장에서 개인은 4조 5861억원 순매수했지만, 외국인과 기관이 각각 2조 5312억원, 2조 2126억원 순매도하며 지수 하락을 견인했다. 시가총액 상위 10개 종목은 삼성전자(-6.29%), SK하이닉스(-8.69%) 등 모두 주가가 하락 마감했다. 코스닥은 개인과 외국인이 2151억원, 4072억원씩 순매수했지만, 기관이 5504억원 순매도하며, 전일 대비 51.08p(4.44%) 내린 1098.36에 장을 마쳤다. 국내외 금 가격도 하락을 이어갔다. 국제 금시세는 도널드 트럼프 미국 대통령이 케빈 워시를 신임 연준(FED) 의장으로 지목하면서 지난 31일 기준 온스당 4860달러 선으로 하루만에 5% 이상 내려앉는 등 하락을 거듭하고 있다. 국내 금시세(99.99_1kg) 역시 이날 오전 11시 26분 기준 전장 대비 9.49% 급락한 1g당 22만 2850원으로 집계됐다.",http://www.kwangju.co.kr/article.php?aid=1770023700795155005,
2026-01-29,kwangju,jeonnam,광주 지난해 인구 순유출률 1.0% ‘전국 1위’,,"지난해 광주 인구 순유출률이 1.0%로 전국에서 가장 컸던 것으로 나타났다.
29일 국가데이터처가 발표한 ‘2025년 국내인구이동’ 자료에 따르면 지난해 광주는 총전입 16만 3000명, 총전출 17만 7000명으...","지난해 광주 인구 순유출률이 1.0%로 전국에서 가장 컸던 것으로 나타났다. 29일 국가데이터처가 발표한 ‘2025년 국내인구이동’ 자료에 따르면 지난해 광주는 총전입 16만 3000명, 총전출 17만 7000명으로 한 해 동안 지역민 1만 3700명이 순유출됐다. 광주시 전체 인구는 지난해 12월 말 기준 139만 2013명으로, 순유출률은 1.0%을 기록했다. 이는 전국에서 가장 높은 순유출률로 2위인 제주(-0.6%)와도 큰 차이를 보였다. 광주는 순유출 인구수도 서울(-2만 7000명)에 이어 전국 두 번째였다. 이어 부산(-1만 2000명), 경북(-9000명), 경남(-8000명) 등 11개 시·도에서 인구가 줄었다. 반면 경기(3만 3000명), 인천(3만 2000명), 충북(1만 1000명), 전남(1000명) 등 6개 시·도는 인구가 순유입된 것으로 집계됐다. 광주·전남지역 인구가 20·30대 청년 인구를 중심으로 매년 순유출이 이어지고 있으며, 전남은 빛가람혁신도시와 귀농·귀어인 유입 등을 통해 소폭 인구가 반등한 것으로 분석된다. 지난해 광주는 10세 미만(100명)과 80세 이상(300명)에서만 인구가 소폭 증가했고, 그 외 모든 연령층에서 인구가 순유출됐다. 연령별로 20대(-5200명), 40~50대(-3300명), 30대(-2800명) 등 경제활동인구에서 순유출 인구가 많았다.",http://www.kwangju.co.kr/article.php?aid=1769679300795025005,http://www.kwangju.co.kr/upimages/thumb/5200x120_795025.jpg
2026-01-28,kwangju,jeonnam,소비쿠폰 효과에 유통업체 매출 6.8% 증가,사용처 제외 대형마트만 하락,"지난해 이재명 정부가 민생회복 소비쿠폰 등 소비 심리 개선에 집중하면서 주요 유통업체들의 매출이 6.8% 증가한 것으로 나타났다. 다만 소비쿠폰 사용처에서 제외됐던 대형마트의 경우 유일하게 매출이 하락했다.
28일 산업통상부가 발표한 ‘2025년 연간 및 12월 주요 유통업체 매출동향’에 따르면 지난해 온·오프라인 유통업체 매출이 모두 늘었다.
백화점과 대형마트 등 오프라인 업체는 지난해 상반기 중 전국적인 소비침체 장기화 현상이 지속되며 전년 대비 마이너스...","지난해 이재명 정부가 민생회복 소비쿠폰 등 소비 심리 개선에 집중하면서 주요 유통업체들의 매출이 6.8% 증가한 것으로 나타났다. 다만 소비쿠폰 사용처에서 제외됐던 대형마트의 경우 유일하게 매출이 하락했다. 28일 산업통상부가 발표한 ‘2025년 연간 및 12월 주요 유통업체 매출동향’에 따르면 지난해 온·오프라인 유통업체 매출이 모두 늘었다. 백화점과 대형마트 등 오프라인 업체는 지난해 상반기 중 전국적인 소비침체 장기화 현상이 지속되며 전년 대비 마이너스 성장률을 보였지만, 지난해 6월 이재명 정부 출범 이후 민생 안정책 마련 등의 효과로 플러스 전환했다. 오프라인 업태별로 백화점이 4.3%로 가장 큰 매출 증가폭을 보였고, 준대규모점포(0.3%), 편의점(0.1%) 등에서도 매출이 신장했다. 특히 백화점과 편의점은 지난해 하반기들어 7월부터 연말까지 6개월 연속 매출 증가세를 유지한 것으로 조사됐다. 다만 대형마트만 매출이 4.2% 줄었다. 대형마트는 지난해 1월과 10월 등 명절 대목이 아닌 경우 매월 마이너스 성장했는데, 이는 지난해 하반기 소비쿠폰 등으로 소비심리가 소폭 개선되는 과정에서도 쿠폰 사용처에서 대형마트가 제외됐기 때문으로 분석된다. 온라인 유통업체들의 매출은 11.8% 증가했다. 매년 온라인 채널을 이용한 소비 비중이 증가함에 따라 식품(17.5%), 가전·전자(7.2%), 서비스·기타(29.1%) 등 대부분 상품군에서 매출이 늘었다. 최근 5년간 주요 유통업체들의 매출 성장은 대부분 온라인 유통업체에 집중된 것으로 나타났다. 산업부가 주요 26개 유통업체의 최근 5년 데이터를 분석한 결과 매출은 연평균 6.7% 늘었다. 오프라인이 2.6%, 온라인은 10.1% 증가했다. 오프라인 매출동향은 백화점·대형마트 등 주요 오프라인 유통업체 15개사의 월간 매출액을, 온라인 매출동향은 쿠팡·네이버 등 11개사의 월간 거래액을 조사한 결과다.",http://www.kwangju.co.kr/article.php?aid=1769601600795009005,
2026-01-28,kwangju,jeonnam,"기아, 4분기 매출 28조 분기 최대…영업익은 관세 부담에 32% 감소",2년 연속 매출 100조원 돌파,"기아가 미국발 관세 영향으로 수익성은 다소 흔들렸지만 하이브리드와 전기차 중심의 친환경차 판매 확대에 힘입어 2025년 4분기 매출 성장을 이어갔다. 연간 기준 2년 연속 매출 100조원을 돌파하며 역대 최대 실적을 기록했다.
기아는 28일 2025년 4분기(10~12월) 연결기준 경영실적을 발표하고 기업설명회를 통해 올해 사업 계획과 실적 지침을 제시했다.
기아의 지난해 4분기 판매 대수는 글로벌 기준 76만 3200대로 전년 동기 대비 0.9% 감소했다....","기아가 미국발 관세 영향으로 수익성은 다소 흔들렸지만 하이브리드와 전기차 중심의 친환경차 판매 확대에 힘입어 2025년 4분기 매출 성장을 이어갔다. 연간 기준 2년 연속 매출 100조원을 돌파하며 역대 최대 실적을 기록했다. 기아는 28일 2025년 4분기(10~12월) 연결기준 경영실적을 발표하고 기업설명회를 통해 올해 사업 계획과 실적 지침을 제시했다. 기아의 지난해 4분기 판매 대수는 글로벌 기준 76만 3200대로 전년 동기 대비 0.9% 감소했다. 국내 판매는 연말 개별소비세 인하 효과 약화로 5.6% 줄었으나 해외 시장에서는 미국 하이브리드 수요와 인도 쏘넷 판매 확대에 힘입어 전년과 유사한 수준을 유지했다. 판매 감소에도 불구하고 매출은 늘었다. 4분기 매출액은 28조 877억원으로 전년 동기 대비 3.5% 증가하며 4분기 기준 역대 최대치를 기록했다. 평균판매가격(ASP) 상승과 우호적인 환율 효과가 매출 확대를 뒷받침했다. 다만 수익성은 관세와 경쟁비용 증가의 영향을 받았다. 4분기 영업이익은 1조 8425억원으로 전년 동기 대비 32.2% 감소했고, 영업이익률은 6.6%를 기록했다. 미국 관세율이 지난해 11월부터 15%로 조정됐지만 기존 재고 영향으로 약 두 달간 25% 관세 부담 효과가 실적에 반영됐고 북미·유럽 시장 인센티브 증가도 이익 감소 요인으로 작용했다. 친환경차는 실적 방어의 핵심 축으로 자리 잡았다. 지난해 4분기 친환경차 판매는 18만 6000대로 전년 동기 대비 13.2% 증가했다. 이 가운데 하이브리드는 12만 1000대로 20% 이상 늘었으며 스포티지 하이브리드와 카니발 하이브리드가 미국 시장을 중심으로 판매 증가를 이끌었다. 전체 판매 가운데 친환경차 비중은 23.9%로 전년보다 2.4%p 높아졌다. 연간 기준 친환경차 판매는 74만9000대로 전년 대비 17.4% 증가했다. 하이브리드와 전기차가 각각 23.7%, 18.9% 늘며 성장을 견인했고 친환경차 비중은 24.2%까지 확대됐다. 기아는 올해에도 친환경차 중심 성장 전략을 이어간다는 방침이다. 회사는 올해 판매 목표를 335만대, 매출은 122조 3000억원으로 제시했다.",http://www.kwangju.co.kr/article.php?aid=1769596800794979005,
2026-01-28,kwangju,jeonnam,글로벌 불확실성 확대에 광주·전남 수출 위축 우려 커져,한은 광주전남본부 보고서…“GEPU 지난해 수준땐 수출 11% 감소”,"미국 등 주요 국가들의 관세 정책 및 보호무역 강화로 인한 글로별 경제 불확실성이 커지면, 광주·전남지역 주력산업 수출이 줄어드는 등 지역경제에 부정적인 영향을 미칠 가능성이 높다는 전망이 나왔다.
광주·전남지역의 자동차·석유화학 등 주력산업들이 타 업종 대비 대외의존도가 높은 만큼, 고관세로 인한 원자재 수급 불안 등이 지역 산업 전체에 타격을 줄 수 있다는 분석이다.
28일 한국은행(한은) 광주전남본부가 발표한 ‘글로벌 경제 불확실성 증대가 광주·전남 지...","미국 등 주요 국가들의 관세 정책 및 보호무역 강화로 인한 글로별 경제 불확실성이 커지면, 광주·전남지역 주력산업 수출이 줄어드는 등 지역경제에 부정적인 영향을 미칠 가능성이 높다는 전망이 나왔다. 광주·전남지역의 자동차·석유화학 등 주력산업들이 타 업종 대비 대외의존도가 높은 만큼, 고관세로 인한 원자재 수급 불안 등이 지역 산업 전체에 타격을 줄 수 있다는 분석이다. 28일 한국은행(한은) 광주전남본부가 발표한 ‘글로벌 경제 불확실성 증대가 광주·전남 지역경제에 미치는 영향’ 보고서에 따르면 지난 2024년 기준 광주와 전남의 지역내총생산(GRDP)에서 제조업이 차지하는 비중은 각각 28.5%, 34.3%로 집계됐다. 이 중 광주는 자동차(47.7%)가 제조업 전체의 절반 수준에 달했고, 전남은 석유정제(31.2%)와 화학제품(29.5%)이 큰 비중을 차지했다. 이처럼 지역 경제가 특정 산업에 과도하게 밀집된 구조에서 광주·전남은 GRDP 대비 수출 비중도 2024년 기준 38.6%, 59.7%로 전국(36.4%)보다 큰 것으로 조사됐다. 이처럼 특정 산업과 수출 의존도가 높은 가운데, 미국의 자동차 관세 25% 선언 등 글로벌 경제 불확실성이 커지면 광주·전남 주력 산업들도 침체할 가능성이 높다는 것이 한은의 설명이다. 보고서에 따르면 미국·캐나다·독일·한국·일본 등 18개국의 국가별 경제정책 불확실성 지수를 활용해 도출한 ‘글로벌 경제 불확실성 지수(GEPU)’가 1단위 상승하면 광주·전남지역 주력산업들의 수출액은 평균 0.06% 감소하는 것으로 추정됐다. 안지연 한은 광주전남본부 경제조사팀 과장은 “지난해 수준으로 GEPU가 움직이면 광주·전남 주력산업 수출 규모는 11%가량 감소할 것으로 예상된다”며 “이는 전년(476억 달러) 기준으로 52억 4000만 달러 규모에 달할 것”이라고 분석했다. 보고서는 글로벌 불확실성 확대로 인해 광주·전남 주력산업 수출이 감소하게 되면 관련 업계 전반에서 생산·부가가치·고용 등 지역경제 악화 요인이 될 수 있다고 경고했다. 지난해 기준 지역에서 창출된 부가가치는 전남과 광주가 13억 7000만 달러, 4억 달러씩 감소하고, 고용 측면에서도 전남(7100명)과 광주(5400명) 모두 감소할 것으로 진단했다. 안 과장은 “주요 국가를 중심으로 글로벌 경제 불확실성이 확대되고 있는 만큼, 수출 리스크 분산 정책, 지역 주력산업의 고부가가치화 등 경쟁력 강화, 수출 감소에 따른 충격 완화 대책 마련 등이 요구된다”고 말했다.",http://www.kwangju.co.kr/article.php?aid=1769596500794978005,
2026-01-28,kwangju,jeonnam,"광주·전남 벤처, K-IP 앞세워 글로벌 시장 공략 나선다","<기술력+지식재산> 광주전남벤처기업협회 ‘중소벤처기업 글로벌 진출 밋업데이’ 제품 소개부터 현지 투자 연계와 사업 매칭, 협업 가능성 타진 AI·에너지·식품·바이오 유망 기업들 투자·기술 협력 본격화","광주·전남 지역 벤처기업들이 인공지능(AI)과 에너지·식품·바이오 등 미래 유망 산업을 앞세워 세계 시장 공략에 나선다.
기술력에 지식재산(IP)을 결합한 이른바 ‘K-IP 전략’을 통해 국내 시장을 넘어 중국과 ...","광주·전남 지역 벤처기업들이 인공지능(AI)과 에너지·식품·바이오 등 미래 유망 산업을 앞세워 세계 시장 공략에 나선다. 기술력에 지식재산(IP)을 결합한 이른바 ‘K-IP 전략’을 통해 국내 시장을 넘어 중국과 인도 등 해외 시장 진출을 가속하겠다는 구상이다. 28일 광주전남벤처기업협회에 따르면 지난 27일 광주시 서구 라마다플라자 광주호텔에서 ‘K-IP 중소벤처기업 글로벌 진출 밋업데이’를 열고 지역 내 IP 기반 유망 벤처기업과 해외 네트워크 간 기술 교류·투자 협력의 장을 마련했다. 이번 행사는 한중과학기술서비스협회와 중국 웨이하이시정부 주한국대표처 등이 참여해 해외 진출 가능성을 실질적으로 점검하는 자리로 진행됐다. 행사에는 AI·정보통신기술(ICT), 에너지, 모빌리티, 식품·바이오 등 광주·전남의 전략 산업을 대표하는 벤처 기업이 참여해 세계 시장을 겨냥한 사업 모델과 기술 경쟁력을 선보였다. 제품 소개부터 현지 투자 연계와 사업 매칭, 협업 가능성에 초점이 맞춰지면서 지역 벤처 규모 확장의 ‘전환점’이 될 것이라는 호평이 이어졌다. 이날 투자자 대상으로 기업 설명 활동(IR)에 나선 ‘에코피스’는 AI 기반 수질 관리와 오염원 제거 로봇 기술을 앞세워 환경·레저 산업의 세계 시장 진출을 추진하고 있으며, 전기차(EV)·에너지 저장장치(ESS) 기반 에너지 솔루션 기업 ‘그린코어’는 자동차가 자율주행하기 위해 도로에 있는 다양한 요소와 소통하는 기술인 V2X(Vehicle to Everything)를 바탕으로 해외 에너지 기업·한전 등과 협력 확대를 모색하고 있다. 해삼 가공 특허 기술을 보유한 ‘해신’은 중국 등 해외 식품 시장을 겨냥한 수출 확대 전략을 제시했고, ‘아이엠에스유니온’은 AI 키오스크 기반 관광·숙박 무인화 플랫폼으로 세계 서비스 진출을 준비 중이다. 행사 막바지에는 지역 벤처기업의 시장 진출을 위한 다자간 업무협약(MOU) 체결도 진행됐다. 광주전남벤처기업협회와 한중과학기술서비스협회, 중국 웨이하이시정부 주한국대표처는 K-IP 기반 중소벤처기업 협력 확대, 세계 거점 사무소 구축, 기술 교류·투자 활성화를 위한 인프라 조성 등에 협력하기로 했다. 지역 벤처업계는 이번 밋업데이가 단발성 행사에 그치지 않고 민간 주도의 글로벌 육성과 해외 네트워크 확대로 이어질 수 있을지에 주목하고 있다. 내수 의존도가 높은 지역 벤처 생태계에서 해외 판로 개척과 투자 유치는 성장의 필수 조건이기 때문이다. 김현수 광주전남벤처기업협회 회장은 “이번 행사는 지역 벤처기업들이 해외 네트워크를 활용해 세계 시장으로 도약하는 중요한 계기가 될 것”이라며 “중국과 인도, 동남아 등 해외 협력망을 바탕으로 지속적인 사업화와 투자 연계를 지원하겠다”고 강조했다.",http://www.kwangju.co.kr/article.php?aid=1769595600794977005,http://www.kwangju.co.kr/upimages/thumb/5200x120_794977.jpg
2026-01-28,kwangju,jeonnam,광주·전남 신보 행정통합 지지 선언 “전국 3위권 보증재단 성장”,,"광주와 전남신용보증재단이 광주·전남 행정통합을 공동으로 지지하고, 통합 신용보증 지원 체계 구축을 통해 지역 소기업·소상공인 지원에 적극 나서기로 했다.
광주신용보증재단(광주신보)은 28일 “광주시 광산구 도천동 ...","광주와 전남신용보증재단이 광주·전남 행정통합을 공동으로 지지하고, 통합 신용보증 지원 체계 구축을 통해 지역 소기업·소상공인 지원에 적극 나서기로 했다. 광주신용보증재단(광주신보)은 28일 “광주시 광산구 도천동 광주신보 본점에서 전남신용보증재단(전남신보)와 함께 광주·전남 행정통합을 지지하는 공동 선언을 가졌다”고 밝혔다. 이번 공동 선언식에는 양 재단의 이사장과 노동조합 위원장 등 관계자들이 참석했다. 이날 양 재단은 광주·전남 행정통합의 정책적, 경제적 취지에 공감하고 통합 신용보증지원 체계를 구축함으로써 지역 소재 소기업·소상공인에 대한 금융지원 및 보증제도가 연계될 수 있도록 협력해 나가자는 데 뜻을 모았다. 광주·전남 행정통합시 지역 보증기관 규모와 소상공인 지원정책 기능 등이 대폭 확대될 것이라는 게 광주와 전남신보의 공통된 전망이다. 구체적으로 지난해 말 기준 광주신보와 전남신보의 기본재산은 각각 2219억원, 2936억원이었지만, 기관 통합시 기본재산만 5155억원으로 전국 3위 규모의 신용보증재단으로 거듭날 것으로 기대되고 있다. 이는 지역 소기업·소상공인에게 연간 2조원 규모의 보증공급이 가능한 수치다. 이강근 전남신보 이사장은 “전남·광주 행정통합이 지역경제 기반 강화를 위한 정책 환경 조성의 출발점이 되기를 기대한다”며 “앞으로도 광주신보와 긴밀한 협력을 통해 통합 과정에서 소기업·소상공인에 대한 지원 공백이 발생하지 않도록 제도적·행정적 준비를 철저히 해 나가겠다”고 밝혔다. 염규송 광주신보 이사장 역시 “광주·전남 행정통합은 지역경제의 경쟁력을 높이고 소상공인과 중소기업 지원의 실효성을 강화하는 중요한 전환점이 될 것”이라며 “정책금융 중심기관으로서 뜻을 모아 행정통합 논의에 적극 힘을 보태겠다”고 의지를 다졌다.",http://www.kwangju.co.kr/article.php?aid=1769595300794976005,http://www.kwangju.co.kr/upimages/thumb/5200x120_794976.jpg
2026-01-27,kwangju,jeonnam,"흔들린 광주 가전, ‘OEM 탈피’로 활로 찾는다",광주 가전기업 10곳 중 7곳 “ODM·OBM 전환 의지” 대유위니아 사태 이후 고부가 구조 전환 필요성 커져 개별 기업 역량 한계…판로·자금·기술 인력 지원 시급,광주지역 주력 산업인 가전산업이 기존 OEM(위탁 생산) 중심 구조에서 벗어나 ODM(제조 중심 기업이 제품 설계·개발까지 확대하는 생산 방식)·OBM(자체 브랜드 기반 제품 기획·유통을 수행하는 사업 모델) 전환을...,"광주지역 주력 산업인 가전산업이 기존 OEM(위탁 생산) 중심 구조에서 벗어나 ODM(제조 중심 기업이 제품 설계·개발까지 확대하는 생산 방식)·OBM(자체 브랜드 기반 제품 기획·유통을 수행하는 사업 모델) 전환을 통해 새로운 활로를 모색하고 있다. 대유위니아 사태 이후 생산과 고용 불안이 현실화하면서 지역 가전기업 다수가 고부가가치 구조 전환의 필요성에 공감하고 체질 개선에 나서고 있는 것이다. 27일 광주지역인적자원개발위원회(광주인자위)가 광주 지역 가전기업 134개사를 대상으로 진행한 ‘광주지역 가전산업 ODM·OBM 전환 여건 및 정책 연계 방안 도출을 위한 실태조사’에 따르면 전체 응답 기업의 72.4%가 사업 전환에 대해 긍정적인 인식을 보였다. ‘계획은 없으나 추진 의사는 있다’는 응답이 34.3%로 가장 많았고, ‘사업 전환 진행 중’(16.4%), ‘계획 마련 중’(15.7%), ‘사업 전환 완료’(6.0%) 순으로 나타났다. 조사는 OEM 중심의 생산 구조와 특정 대기업 의존도가 높은 광주 가전산업이 외부 환경 변화에 취약하다는 문제의식에서 출발했다. 2023년 대유위니아 사태 이후 생산 물량 조정과 고용 불안이 이어진 데다 관세 부담 등 대내외 위험이 겹치며 산업 구조 전환의 필요성이 더 부각됐다는 분석이다. 사업 전환 방식으로는 기존 사업 기반을 유지하면서 관련 분야를 확장하는 ‘단계적 전환’이 주를 이뤘다. ‘기존 비중 유지 및 관련된 새로운 분야 추가’가 53.0%로 가장 높았고, ‘기존 비중 유지 및 무관한 새로운 분야 추가’(9.7%), ‘기존 비중 축소 및 관련 분야 추가’(9.0%) 등이 뒤를 이었다. 기업들의 사업 전환 의지는 뚜렷하지만 전환 과정에서의 현실적 부담이 큰 것으로 나타났다. 기업들이 꼽은 가장 큰 애로 요인은 ‘신규 판로 개척의 어려움’(33.6%)이었으며 ‘자금 조달 곤란’(28.4%), ‘신규 업종에 대한 전문기술 및 정보 부족’(18.7%), ‘인력 확보 곤란’(6.7%) 등이 뒤따랐다. 광주인자위는 이같은 결과를 지역 가전산업 기업들이 ODM·OBM 전환 의지를 가지고 있지만 개별 기업의 역량만으로 시장과 자금, 기술 인력이라는 벽을 넘기에 한계가 있다고 풀이했다. 광주인자위는 이번 조사 결과를 토대로 ODM·OBM 전환 중심 기업 지원과 고용 지원, 고용 환경 개선을 연계한 정책 설계가 필요하다고 봤다. 기존 OEM 구조에 머무를 경우 외부 충격에 취약할 수밖에 없는 만큼 고부가가치 중심의 산업 구조 전환이 광주 가전산업의 지속 가능성을 좌우할 핵심 과제로 떠오르고 있다는 분석이다. 이후형 광주인자위 사무처장은 “ODM·OBM 전환에 대한 수요가 나타난 것은 지역 가전산업이 고부가가치 중심으로 경쟁력을 높여갈 가능성을 보여준 결과”라며 “앞으로 기업 지원과 장려금, 고용 환경 개선 등 일자리 지원사업을 연계해 기업들의 사업 전환이 원활히 이뤄질 수 있도록 지원하고 판로 개척과 홍보 등 실질적인 정책 지원을 뒷받침하겠다”고 말했다.",http://www.kwangju.co.kr/article.php?aid=1769507950794925005,http://www.kwangju.co.kr/upimages/thumb/5200x120_794925.jpg
2026-01-27,kwangju,jeonnam,"그린알로에, ‘그린 프리미엄 베라골드 400’ 리뉴얼 출시",현대인 무너진 면역력 증진 도움,"친환경 건강기능식품을 선도하는 그린알로에는 “알로에베라겔 즙액인 ‘그린 프리미엄 베라골드 400’을 재단장해 출시했다”고 27일 밝혔다. <사진>
그린 프리미엄 베라골드 400은 식약처로부터 면역력 증진,...","친환경 건강기능식품을 선도하는 그린알로에는 “알로에베라겔 즙액인 ‘그린 프리미엄 베라골드 400’을 재단장해 출시했다”고 27일 밝혔다. <사진> 그린 프리미엄 베라골드 400은 식약처로부터 면역력 증진, 피부 건강, 장 건강의 기능성을 인증 받아 소비자로부터 꾸준히 사랑받는 그린알로에 상품이다. 제품은 알로에의 본고장인 미국 농무부가 인증한 유기농 알로에를 유효성분 파괴를 최소화한 급속 동결 건조 공법으로 담았다. 해당 제품을 1일 150㎖ 섭취 시 알로에의 고유 기능 성분인 면역다당체 300㎎을 얻을 수 있어 현대인의 무너진 면역력을 증진하는 데 도움을 줄 것으로 기대된다. 그린 프리미엄 베라골드 400은 개당 1000㎖이며 그린알로에 건강기능식품은 단 1%도 중국산 원료를 사용하지 않고 있다. 신제품으로 탈바꿈하면서 열처리한 유산균 사균체를 함유해 안전하게 장까지 도달해 소화·흡수·배변 기능을 돕는 정장작용과 함께 면역 활성화의 효능을 강화시킨 것이 특징이다. 마시는 즙액인 액상 제품 특성상 개봉 후 제품의 변질을 막기 위해 식물 유래 보존료를 함유해 안전하게 마실 수 있다. 개봉 후에는 반드시 냉장 보관을 해야 한다. 그린알로에는 당 섭취에 민감한 소비자를 고려한 ‘그린 프리미엄 순베라골드 400’도 함께 출시해 선택의 폭도 넓혔다. 이 제품은 바쁜 일상으로 기초 면역력이 떨어지거나 업무 과중, 불규칙한 식생활로 장 기능이 약해진 이들, 스트레스 등으로 피부 고민이 있는 이들에게 추천한다고 그린알로에는 전했다. 정광숙 그린알로에 회장은 “현대인 건강의 첫걸음은 면역력”이라며 “환경 오염, 스트레스, 수면 부족, 영양 불균형 등으로 면역력이 약해진 고객들에게 도움을 줄 수 있는 제품”이라고 설명했다.",http://www.kwangju.co.kr/article.php?aid=1769507668794921005,http://www.kwangju.co.kr/upimages/thumb/200x120_794921.jpg
2026-01-27,kwangju,jeonnam,"한전, 전력망 혁신 가동…재생에너지 중심 대전환 속도",K-그리드 신속 구축 전략 대토론회…제도·기술혁신 과제 18개 추진 산학연 TF 구성…전력망 시공자원 확보·케이블 설치 공법 등 마련,"한국전력공사(한전)가 국가 전력망 적기 구축 및 주민 수용성 확보를 위한 제도·기술적 혁신을 반영한 ‘마스터 플랜’을 공개했다. 풍력·태양광 등 재생에너지 중심의 에너지 대전환을 본격화하고, 전력망 건설에 필요한 시...","한국전력공사(한전)가 국가 전력망 적기 구축 및 주민 수용성 확보를 위한 제도·기술적 혁신을 반영한 ‘마스터 플랜’을 공개했다. 풍력·태양광 등 재생에너지 중심의 에너지 대전환을 본격화하고, 전력망 건설에 필요한 시간을 대폭 단축하는 게 핵심이다. 한전은 27일 나주시 빛가람동 본사에서 ‘K-그리드 신속 구축 전략 대토론회’를 개최했다.한전은 대토론회를 통해 재생에너지 자원이 풍부한 호남권과 전력 수요가 많은 수도권을 제 때 연결하기 위한 ‘재생에너지 중심의 에너지 대전환 가속화 마스터 플랜’을 제시했다. 국가 전력망 적기 구축의 핵심 사업인 ‘에너지고속도로’를 가속화하기 위한 것이다. 한전에 따르면 최근 반도체·정보통신·인공지능(AI) 등 첨단 산업의 성장이 가팔라지면서 전력 수요량이 대폭 증가하고 있다. 특히 미래 핵심 전력 원료인 재생에너지 발전 설비는 계통 접속이 지연돼 현재 전력계통 수용력이 한계에 도달한 상황이다. 정부는 현재 에너지고속도로 등 전력망 적기 구축에 집중하고 있으며, 한전은 행정 절차 및 주민과의 갈등 등으로 지연되는 전력망 건설 사업 등을 전면 재검토하기 위해 산·학·연 전문가로 태스크포스(TF)도 구성했다. 그 결과 한전은 평균 13년에 달하는 전력망 건설 기간을 줄이기 위해 제도·기술 혁신 분야에서 18개의 핵심 전략과제를 마련했다. 제도 혁신 분야는 송전건설 시공자원 확보, 지중송전 기자재 신규 공급망 확보, 지중송전선로 경과지 선정 절차 개선, 설계·시공 일괄 계약 제도 도입, 고속도로 유휴부지 내 변전소 입지 선정 추진 등 7개 과제가 핵심이다. 기술 혁신 분야는 전력케이블 지상 설치 공법 개발, 하천횡단 수저케이블 포설 공법 개발, 1.5GW(기가와트)급 대용량 케이블 개발 등 11개 핵심 과제를 준비했다. 터널공법 대체 기술과 송전용량 증대 기술 개발 등을 통해 건설기간을 획기적으로 줄이는 한편 송·배전시설 입지로 인한 지자체의 인허가절차를 개선할 방침이다. 한전은 오는 2028년 호남지역 재생에너지 연계를 위한 대규모 전력망 공사에 동시다발적으로 착수할 것이라는 예측도 내놨다. 이에 따라 자재·인력 부족으로 인한 사업 지연을 예방하기 위한 ‘핵심 시공자원 확보 전략’도 수립했다. 전력망 공사에 필요한 전문 장비·인력을 우선 확보하고, 효율적으로 배분해 사업 효율성을 높일 계획이다. 김동철 한전 사장은 “전력 수요가 많아지는 첨단산업에 대한 전력공급과 재생에너지 접속 대기 해소는 국가 경제의 경쟁력과 관련된 중대한 과제”라며 “기존 송전망 평균 건설 기간인 ‘13년의 벽’을 허물고 적기에 에너지 고속도로를 구축할 수 있도록 혁신해 나가겠다”고 의지를 다졌다.",http://www.kwangju.co.kr/article.php?aid=1769504400794920005,http://www.kwangju.co.kr/upimages/thumb/5200x120_794920.jpg
