title,url
"“월1000씩 번다하니, 동창회 못가겠습니다”…대기업·중기 격차최대",https://www.mk.co.kr/news/economy/11969545
"커지는 위기감…""中기업 경쟁력, 5년내 美와 동등한 수준될 것""",https://www.mk.co.kr/news/economy/11969517
韓 버팀목 반도체도 中과 경합…가격·인프라·AI칩설계 열세,https://www.mk.co.kr/news/economy/11969518
"""중국 LLM과 격차만 최소 3년 … 韓, 제조업 강점 살려 피지컬AI로 승부를""",https://www.mk.co.kr/news/economy/11969502
보유세 ↑ 거래세 ↓ … 부동산稅 개편 시동,https://www.mk.co.kr/news/economy/11969488
"산업용 전기요금, 낮 1~3시 내리고 저녁 6~8시엔 올린다",https://www.mk.co.kr/news/economy/11969485
中企 근로자 2명 소득 합쳐야 대기업 1명 월급,https://www.mk.co.kr/news/economy/11969451
직장인 稅감면·공제혜택 확 늘며 … 684만명 소득세 단 한푼도 안낸다,https://www.mk.co.kr/news/economy/11969452
“직원 2명인데 38평이 돌아간다”…바른치킨 로봇 실험 매장 가보니 [현장],https://www.mk.co.kr/news/business/11969333
한국은행 “주식시장 하락전환 가능성 제한적…부동산 정책 효과있다”,https://www.mk.co.kr/news/economy/11969289
"국세청, 10만개 기업에 3조 자금유동성 세정지원",https://www.mk.co.kr/news/economy/11969132
“이 숫자 보면 반도체 주가 거품은 아닌 듯”…이달 1~20일 수출 역대 최대,https://www.mk.co.kr/news/economy/11969037
“당첨돼도 걱정이야”…서울 민간아파트 평당 분양가 또 역대 최고,https://www.mk.co.kr/news/economy/11968993
"“한국의 ‘얼죽아’ 문화, 인정”…스벅 ‘아아’ 신상품 여기서 최초 공개한다는데",https://www.mk.co.kr/news/economy/11968992
월평균 613만원 vs 307만원...대기업과 중소기업 연봉 격차 ‘역대 최대’,https://www.mk.co.kr/news/economy/11968963
"베일 벗은 삼성전자 얼음정수기, LG와 격돌…“제빙 성능 놓고 승부”",https://www.mk.co.kr/news/economy/11968824
명품 본고장서 K뷰티 생산한다…코스맥스 ‘메이드 인 이태리’로 유럽공략,https://www.mk.co.kr/news/economy/11968759
"버거킹, 와퍼 3종 최대 33% 할인 프로모션 진행",https://www.mk.co.kr/news/economy/11968721
"“편의점서 삼겹살 사요”…CU, ‘삼겹살 데이’ 맞이 정육 행사",https://www.mk.co.kr/news/economy/11968709
“기업이 잘 풀리니 법인세·소득세 더 걷혀”…작년 세수 490조원 육박,https://www.mk.co.kr/news/economy/11968673
“정말 돈 빌릴 곳이 없네”…금융권 대출 거절에 서민들 대부업체로 몰린다,https://www.mk.co.kr/news/economy/11968620
당정청 “대미투자법 조속입법 최선…다음달 9일까지 처리”,https://www.mk.co.kr/news/economy/11968529
"“욕 먹으면 조회수 달달하니 좋아”…사이버렉카, 세무조사로 턴다",https://www.mk.co.kr/news/economy/11968523
혐오·투기 조장해 클릭장사 … 돈에 눈 먼 유튜버 세무조사,https://www.mk.co.kr/news/economy/11968397
"""사회적 고립 위험군 찾자"" 첫 심층조사",https://www.mk.co.kr/news/economy/11968398
원자재 의존 높아…고환율=수출효과 옛말,https://www.mk.co.kr/news/economy/11968396
"990원 도시락, 1만원 피자…고물가에 입소문 난 ‘초저가’ 먹거리",https://www.mk.co.kr/news/business/11968309
"美 추가관세, 韓기업에 득될 수도?…무협 “한미FTA로 미국 시장 경쟁력↑”",https://www.mk.co.kr/news/economy/11968239
“위안화만 치고 나가네”…한중일 통화 저평가 속 위안화 강세 전환 이유는,https://www.mk.co.kr/news/economy/11968103
“제발 집 좀 팔아주세요”…다주택자 매물 증가에 목소리 커진 매수자,https://www.mk.co.kr/news/economy/11968067
靑 “글로벌관세 10% 등 美 후속조치와 타국 동향 면밀히 파악할 것”,https://www.mk.co.kr/news/economy/11968005
美 상호관세 무효화에 한경연 원장 “더 짙어진 불확실성 제거 최우선”,https://www.mk.co.kr/news/economy/11967972
美 상호관세 위법 판결에 팔 걷는 산업부…“23일에 민·관 합동 대책회의”,https://www.mk.co.kr/news/economy/11967927
美 ‘상호관세 위헌’ 판결에 관세청 “대미 수출기업에 관세환급 지원”,https://www.mk.co.kr/news/economy/11967915
‘상호관세’ 위법에 트럼프 “10% 즉시 관세”…대응책 마련 나서는 韓,https://www.mk.co.kr/news/economy/11967881
“입사 1년 이상이면 희망퇴직 받습니다”…전기차 부진에 처절해진 SK온,https://www.mk.co.kr/news/economy/11967768
구제역 언제 여기까지 퍼졌지…고양시 한우농가서도 발생 ‘초비상’,https://www.mk.co.kr/news/economy/11967699
‘빵플레이션 주범’ 밀가루 담합 7개사에…1조원대 과징금 때린다,https://www.mk.co.kr/news/economy/11967641
밀가루 담합 7개 기업에 과징금 최대 1.1조 예고,https://www.mk.co.kr/news/economy/11967496
“비싸서 도저히 쓸 수가 없다”…140% 상승한 은 대신 떠오른 ‘이것’,https://www.mk.co.kr/news/economy/11967459
"크리에이터 애장품 소개…오늘의집, 북촌서 ‘플리마켓’ 개최",https://www.mk.co.kr/news/economy/11967178
"“내 취향으로 집 채워볼까”…29CM, 연중 최대 ‘이구홈위크’ 열어",https://www.mk.co.kr/news/economy/11967177
"“입학선물 준비해볼까”…현대백화점, 신학기 맞이 최대 30% 할인",https://www.mk.co.kr/news/economy/11967117
“1만원대 피자 잘나가네”…신세계푸드 ‘이마트 피자’ 20만개 판매 돌파,https://www.mk.co.kr/news/economy/11967104
"“대만 1위 백화점서 팝업”…해외서 잘나가는 K애슬레저, 현지 공략에 속도",https://www.mk.co.kr/news/economy/11967075
[단독] 의욕없는 공무원 이제 그만…적극 행정에 ‘SS등급’ 고과 신설 검토,https://www.mk.co.kr/news/economy/11966839
“은퇴하면 월세 받아먹어야죠”…임대사업자 절반이 60대 이상,https://www.mk.co.kr/news/economy/11966688
"국민연금, 민간 운용사에 의결권 넘기나",https://www.mk.co.kr/news/economy/11966562
"""공무원 의욕 꺾어선 안돼""…정부 적극행정협의체 출범",https://www.mk.co.kr/news/economy/11966517
"李 ""교복·부동산 담합 뿌리깊게 퍼져…시장 영구퇴출 방안 검토""",https://www.mk.co.kr/news/economy/11966506
“친환경 철학이 곧 비즈니스 전략”…깨끗한나라 ‘클린웨이’로 도약,https://www.mk.co.kr/news/economy/11966330
"[르포] 쇼핑백엔 K뷰티 가득, 저녁은 치맥…외국인 붐비는 명동 가보니",https://www.mk.co.kr/news/business/11966291
근로소득세 70조 육박 ‘역대 최대’…직장인 “소리 없는 증세” vs 정부 “실효세율 낮다”,https://www.mk.co.kr/news/economy/11966081
"“흑백요리사가 만든 신라면 맛은?”…농심, ‘2026 농심면가’ 운영",https://www.mk.co.kr/news/economy/11965992
"“어르신에 월25만원, 없는 것보단 낫지만”…초고령 국민연금 수급 100만명 눈앞인데",https://www.mk.co.kr/news/economy/11965896
"“열심히 일해도…부모 재력, 부동산 보유 여부가 평생 자산 좌우”",https://www.mk.co.kr/news/economy/11965874
좋은 건 알지만 귀찮아서…성인 10명 중 8명 하루 물 1.5L 안마셔,https://www.mk.co.kr/news/economy/11965798
“명절 끝 신학기 준비할 차례”…‘골드키즈’에 힘주는 유통업계,https://www.mk.co.kr/news/economy/11965742
"“감수성 채운 공간”…현대L&C, 인테리어 트렌드 ‘케어풀’ 제시",https://www.mk.co.kr/news/economy/11965641
"“더블 마일리지 혜택”…시몬스, 롯데백화점 웨딩페어 참여",https://www.mk.co.kr/news/economy/11965640
"“동반성장 실천”…에이피알, 지난해 사회공헌에 57억원",https://www.mk.co.kr/news/economy/11965606
"‘60조 규모’ 비트코인 오지급 사태 검사, 이달 말까지 연장…“추가사례 파악”",https://www.mk.co.kr/news/economy/11965596
서울 집합건물 생애 최초 매수자 절반이 30대…2010년 이후 최대,https://www.mk.co.kr/news/economy/11965577
"“17억집 가진 사람이 기초연금?”…정부, 지급대상 축소안 검토",https://www.mk.co.kr/news/economy/11965241
“맵지만 맛있어요” 김치 담근 뉴욕 할렘 고교생들,https://www.mk.co.kr/news/economy/11965183
"韓정부, 후보 프로젝트 검토 … 日처럼 에너지·자원·인프라 유력",https://www.mk.co.kr/news/economy/11965089
"""아틀라스 예상가격은 1억8천만원""",https://www.mk.co.kr/news/economy/11965024
"‘AI 특수’ 대만, 올해 성장률 7.71%·GDP 4만4000달러 전망…“한국보다 높아”",https://www.mk.co.kr/news/economy/11965003
"“작년 이맘때 로또 샀었는데, 혹시 난가?”…내일 지나면 1·2등 13억 날아간다",https://www.mk.co.kr/news/economy/11964905
"“나만 빼고, 누구 월급이 이렇게 뛰었니?”…근로소득세 70조 육박 ‘역대 최대’",https://www.mk.co.kr/news/economy/11964850
"“설에 만난 친구들, 전부 월 400은 번다더니”...실제론 80%가 월 300만원 미만",https://www.mk.co.kr/news/economy/11964804
“한미 관계에 조선업 꼭 필요”…‘마스가’탄생에 경제원로 조언 있었다,https://www.mk.co.kr/news/economy/11964795
"“12억에 내놨는데 3억에 겨우 팔려”…이틀에 한곳 사라지는 주유소, 경매서도 찬밥",https://www.mk.co.kr/news/economy/11964789
"“대체 어디까지 떨어지는거야?”…비트코인 지금이라도 팔까, 아니면 사?",https://www.mk.co.kr/news/economy/11964752
“애들 세뱃돈도 증여세 내야 하나”…용돈·교육비 등으로 쓰면 과세 제외,https://www.mk.co.kr/news/economy/11964729
"디저트 성지 ‘스위트파크’ 2주년…신세계백화점, ‘블루밍 플레이버’ 개최",https://www.mk.co.kr/news/economy/11964721
"‘AI 품은’ 갤럭시 S26, 파격 서비스에 출고가 200만원 넘어서나 ‘촉각’",https://www.mk.co.kr/news/economy/11964719
“전세대출 받을 때마다 부과”…인지세 앞으로 면제되나,https://www.mk.co.kr/news/economy/11964247
악화된 청년고용에 ‘벚꽃추경’ 가능성 솔솔···KDI는 “반도체 호황 감안해야” [나기자의 데이터로 세상읽기],https://www.mk.co.kr/news/economy/11961057
‘감당 안 돼’ 서울 집값에 짐쌌다… 경기인구 10만 명 또 증가,https://www.mk.co.kr/news/economy/11964191
공정위 전속고발권 논란 재점화…해외사례 살펴보니,https://www.mk.co.kr/news/economy/11964069
“세뱃돈 뽑으러 헛걸음질만 수차례”…은행 ATM 7700대 ‘뚝’,https://www.mk.co.kr/news/economy/11963990
“필요한 물건은 당신 근처에 없다”…무신사 이어 ‘저격 마케팅’ 불붙나,https://www.mk.co.kr/news/economy/11963941
“대출 안나와? 그럼 주식 팔지 뭐”…서울 집값 치른 개미들 ‘수익 실현’ 2조원,https://www.mk.co.kr/news/economy/11963851
“인공근육 도움받아 일하기 편하네요”…초고령사회 해결나선 사장님,https://www.mk.co.kr/news/economy/11963813
"“6억원 어치 금 팔려다 호텔에 열흘간 감금돼”…‘골드바’ 사기 속출, 예방은",https://www.mk.co.kr/news/economy/11963798
"“두쫀쿠 먹다 치아 부러져, 사실이었다”…인기만큼이나 민원도 폭발",https://www.mk.co.kr/news/economy/11963776
"경쟁입찰 없이 20년 이상 독점…휴게소 음식, 맛없는데 비싼 이유 있었다",https://www.mk.co.kr/news/economy/11963646
"“누굴 위한 상차림?”…후손들 죽어나는 차례상, 조상님은 정작 간소했다",https://www.mk.co.kr/news/economy/11963625
"98년생 ‘두쫀쿠’ 창시자, 얼마나 벌었을까?…하루 매출만 1억3000만원",https://www.mk.co.kr/news/economy/11963597
“니 아직도 엄마집에 사나”…두려운 명절 잔소리에도 독립 어려운 이유 [캥거루족 탈출기⑤],https://www.mk.co.kr/news/economy/11963555
"“연휴엔 집에서 올림픽 응원”…편의점, ‘집관족’ 공략 나서",https://www.mk.co.kr/news/economy/11963388
"“자기가 돈 벌어, 난 좀 쉬어야겠어”…젊은 부부 11만 가구가 ‘싱크족’ 이라는데",https://www.mk.co.kr/news/economy/11963364
"미장 ‘94% 몰빵’ 서학개미 주의보…정부, 국민연금 ‘채권 환헤지’ 도입 검토",https://www.mk.co.kr/news/economy/11963346
“결국엔 가격인상 불가피”…넷플릭스에 토종OTT까지 독과점 정조준,https://www.mk.co.kr/news/economy/11963324
미국 물가 2.4% 상승...금리인하 언제 재개될까,https://www.mk.co.kr/news/economy/11963143
최신형도 아닌데 300만원 훌쩍…노트북 구매는 당분간 ‘언감생심’,https://www.mk.co.kr/news/economy/11962992
“새내기 됐는데 노트북 살 엄두도 못내요”…칩플레이션 끝이 없다,https://www.mk.co.kr/news/economy/11962980
"“전국 빵 명장 한자리에”…롯데백화점, 잠실 롯데월드몰서 ‘천하제빵’ 팝업",https://www.mk.co.kr/news/economy/11962910
"서학개미, 달러·美증시 급변동땐 위험…정부, 국민연금 채권 환헤지 검토",https://www.mk.co.kr/news/economy/11962883
손경식 경총 회장 5연임 … 회장단 만장일치 재추대,https://www.mk.co.kr/news/economy/11962871
[단독] 서학개미 미국투자 1300조원 시대…큰손 된 한국,https://www.mk.co.kr/news/economy/11962866
[포토] 설 명절 앞두고 시장상황 점검회의,https://www.mk.co.kr/news/economy/11962839
올해 설 화폐 4.8조 공급 … 작년에 비해 6.2% 줄어,https://www.mk.co.kr/news/economy/11962838
아동수당·부모급여 자동 지급한다,https://www.mk.co.kr/news/economy/11962836
"OTT요금 들썩이자…공정위, 가격구조 조사",https://www.mk.co.kr/news/economy/11962834
'1300조' 美투자 쏠림…큰손 된 韓,https://www.mk.co.kr/news/economy/11962793
"“연말 직장인들 보너스 많이 탔나”…시중에 풀린 돈 4080조, 다시 늘어",https://www.mk.co.kr/news/economy/11962751
런던베이글뮤지엄 “고용노동부 기획감독 결과 수용…강관구 대표 사임”,https://www.mk.co.kr/news/economy/11962682
설 앞두고 4.8조 현금 풀려…작년보다 6% 줄어,https://www.mk.co.kr/news/economy/11962667
넉 달째 ‘경기 회복흐름’ 진단...“고용·건설투자는 불확실성 계속”,https://www.mk.co.kr/news/economy/11962662
"부모님 위치 확인해주세요…위치추적앱, 60세 이상 가입 급증",https://www.mk.co.kr/news/economy/11962537
"코웨이, 설 명절맞아 안마베드 108대 기증",https://www.mk.co.kr/news/economy/11962515
"메가MGC커피, CJENM과 공연·문화 사회공헌 MOU 체결",https://www.mk.co.kr/news/economy/11962466
"“정부 물가안정 동참”…대상, 올리고당·물엿 제품 가격 인하",https://www.mk.co.kr/news/economy/11962417
규제 세질수록 ‘똘똘한 한 채’ 찾아…집값 양극화 심화 우려도,https://www.mk.co.kr/news/economy/11962295
최대 650마력...도로위 레이싱카 변신한 제네시스,https://www.mk.co.kr/news/economy/11962262
"성수에 뜬 ‘뉴 웰니스 라운지’…올리브영, ‘올리브베러’ 팝업 열어",https://www.mk.co.kr/news/economy/11962254
열흘 만에 1300여명 댓글 사연…신라면세점 ‘설래는 세일’,https://www.mk.co.kr/news/economy/11962234
"“판매자 정산금 확대”…무신사 유즈드, 위탁 수수료 최대 9%로 인하",https://www.mk.co.kr/news/economy/11962231
"산재 사망자 연간 3명 이상 기업, 영업이익 5% 과징금 낸다",https://www.mk.co.kr/news/economy/11962201
"AI발 산업파괴 공포, 전방위 확산…뉴욕증시 급락 [월가월부]",https://www.mk.co.kr/news/economy/11962142
현금 싸들고 아파트 쇼핑하던 중국부자…토허제 지정후 반토막,https://www.mk.co.kr/news/economy/11962063
"본격화하는 ‘자원 전쟁’…석유로 압박하고, 중국 ‘무기’ 무력화하려는 미국 [뉴스 쉽게보기]",https://www.mk.co.kr/news/economy/11960977
달콤한 담합에 쓴맛 보여줬다…설탕 3사에 4000억원 과징금,https://www.mk.co.kr/news/economy/11961840
“역사에 없던 빚더미에 앉을 판”…트럼프 감세에 美 ‘역대급’ 재정적자,https://www.mk.co.kr/news/economy/11961808
"국제신용평가사 무디스, 한국 신용등급 ‘Aa2’·등급전망 ‘안정적’ 유지",https://www.mk.co.kr/news/economy/11961720
무디스 “한국 신용등급 ‘Aa2’·등급전망 ‘안정적’ 유지”,https://www.mk.co.kr/news/economy/11961636
“5월 9일전 가계약도 인정해주나요?”…양도세 중과유예 받으려면,https://www.mk.co.kr/news/economy/11961538
"""불법 연료로 유해가스 배출"" 기후부, 동화기업에 과징금",https://www.mk.co.kr/news/economy/11961510
"'설탕값 담합' 제당3사 철퇴 공정위, 과징금 4천억 부과",https://www.mk.co.kr/news/economy/11961508
"""수도권 쓰레기 대란 막아야"" 정부, 공공소각장 준공 속도",https://www.mk.co.kr/news/economy/11961472
거세지는 美 석탄수입 압박 … 韓 '탈석탄' 정책기조와 엇박자,https://www.mk.co.kr/news/economy/11961434
"""실거주 의무효과 통했네"" 외국인 주택거래 절반 '뚝'",https://www.mk.co.kr/news/economy/11961405
"“5년 적자 벗어났다”…남양유업, 지난해 영업익 52억원 흑자전환",https://www.mk.co.kr/news/economy/11961326
"[속보] 유류세 한시 인하, 4월 말까지 2개월 추가연장",https://www.mk.co.kr/news/economy/11961205
“신탁 수수료 0원” 4월부터 ‘치매머니’ 관리 국민연금이 돕는다,https://www.mk.co.kr/news/economy/11961154
"컵높이 인식하는 정수기…코웨이, ‘아이콘 정수기 3’ 출시",https://www.mk.co.kr/news/economy/11961130
"“성인용품 주문 3000명 명단, 금전 협박에 활용된적 없다” 쿠팡 반박",https://www.mk.co.kr/news/economy/11961109
"교원웰스, 앰배서더로 배우 신애라 발탁",https://www.mk.co.kr/news/economy/11961099
"“집값 올라 쏜다는 부장님, 우린 밥 안넘어가”…부동산 때문에 소비 꺾인 3040",https://www.mk.co.kr/news/economy/11961017
"공정위 담합 지적에…CJ제일제당 “협회 탈퇴, 임직원 경쟁사 접촉 금지”",https://www.mk.co.kr/news/economy/11961013
“건강한 K리빙 생태계 조성”…현대리바트 ‘연희문학창작촌’ 리모델링,https://www.mk.co.kr/news/economy/11961004
한은 금융시장국장 “현 국고채 금리 과도하게 높아…시장 변화 면밀히 점검”,https://www.mk.co.kr/news/economy/11960975
"[속보] 제재 받고 또 담합…공정위, 설탕 3사에 과징금 4083억원",https://www.mk.co.kr/news/economy/11960964
"아마존·울타뷰티 투트랙 통했다…에이피알, 메디큐브 미국 시장서 ‘고성장’",https://www.mk.co.kr/news/economy/11960930
"스타트업얼라이언스 “플랫폼, 규제 대상이 아닌 전략 산업으로 봐야”",https://www.mk.co.kr/news/it/11960863
현대글로비스 “AI가 車운반선 적재계획 수립”,https://www.mk.co.kr/news/economy/11960801
명품·모바일 강화가 끌어올렸다…홈쇼핑 4사 실적보니,https://www.mk.co.kr/news/economy/11960758
‘그냥 드림’ 현장 찾은 이재명 대통령…“공짜라고 막집어가지 않는다”,https://www.mk.co.kr/news/politics/11960642
올 경제성장률 1.9%로 높인 KDI…美관세·AI거품·환율 ‘3대 복병’,https://www.mk.co.kr/news/economy/11960579
“졸업논문 도와준 친구가 내 취업 막을줄은”…청년 실업 ‘역대최악’,https://www.mk.co.kr/news/economy/11960436
“주담대 이자 더는 못 내겠어요”…저소득층 빚폭탄 감당 안되는 미국,https://www.mk.co.kr/news/economy/11960427
[단독] 의료 대전환·AI 산업혁신…경제인문사회硏 ‘빅리서치’ 착수,https://www.mk.co.kr/news/economy/11960165
[단독] 26개 정부 출연硏 묶어…AI·인구·성장전략 짠다,https://www.mk.co.kr/news/economy/11960150
"“제니 옷 어딨어요?”…전세계 여성 홀린 이 옷, 여의도 진풍경 만들어 [현장]",https://www.mk.co.kr/news/economy/11960147
[반론보도］<[단독] 선거 앞 국세 100조 떼어 ‘지방 이전’…교부세 57조·통합 특별시 40조> 관련,https://www.mk.co.kr/news/economy/11959708
26개 정부 출연硏 묶어 AI·인구·성장전략 짠다,https://www.mk.co.kr/news/economy/11960119
삼성SDI·스텔란티스도 결별?,https://www.mk.co.kr/news/economy/11960106
100조 민자사업 신규 발굴 … 지방 균형발전에 방점둔다,https://www.mk.co.kr/news/economy/11960053
"한수원 ""SMR·대형원전, 美처럼 차등 규제를""",https://www.mk.co.kr/news/economy/11960049
사회보장 대전환·AI發 산업혁신 … '빅리서치' 착수,https://www.mk.co.kr/news/economy/11960041
"“아들, 여기서는 가망 없어! 서울로 가”…지방 남으면 가난 대물림 확률 80%",https://www.mk.co.kr/news/economy/11959744
은행권 가계대출 두 달째 감소…“2금융권 풍선효과로 전체 가계대출은 증가”,https://www.mk.co.kr/news/economy/11959736
인태연 소진공 신임 이사장 “새벽배송 정책 속도 너무 빨라…자영업자 의견 수렴 필요”,https://www.mk.co.kr/news/economy/11959723
"인천경제청, 매출·투자·고용·수출 ‘압도적 전국 1위’",https://www.mk.co.kr/news/economy/11959693
서울 아니어도 ‘용’ 날 수 있게…한은 “지방서도 경쟁력 키울 수 있는 환경 만들어야”,https://www.mk.co.kr/news/economy/11959660
"이마트, 지난해 영업이익 3225억원…전년대비 585%↑",https://www.mk.co.kr/news/economy/11959621
“설 선물도 스몰럭셔리”…현대백화점 ‘프리미엄 식료품’ 인기,https://www.mk.co.kr/news/economy/11959615
일본 사로잡은 K제품…‘큐텐 어워즈’ 수상 절반이 한국 브랜드,https://www.mk.co.kr/news/economy/11959613
"성수동을 글로벌 패션성지로…무신사, 서울숲에 ‘K패션 정원’ 조성",https://www.mk.co.kr/news/economy/11959609
"설맞이 나눔 실천…롯데홈쇼핑, 지역아동에 두쫀쿠·손편지 전달",https://www.mk.co.kr/news/economy/11959608
"자원순환 가치 이어간다…롯데백화점, 보랭가방 회수 이벤트",https://www.mk.co.kr/news/economy/11959607
"“정상 주식 앱인줄 알았는데, 가짜라고?”…‘PIPS Assets’ 유인 피해 속출",https://www.mk.co.kr/news/economy/11959582
사진 속 가구 1초만에 찾는다…오늘의집 이미지 검색 430% 늘어,https://www.mk.co.kr/news/economy/11959511
"제조하지 않으면, 건설하지 않으면 부강할 수 없다[김선걸 칼럼]",https://www.mk.co.kr/news/economy/11959493
"CU, 1만원대 ‘브란즈 피티드 위스키’ 출시",https://www.mk.co.kr/news/economy/11959394
"SSG닷컴, 쓱7클럽에 티빙까지 더한 ‘월 3900원’ 멤버십 출시",https://www.mk.co.kr/news/economy/11959389
"그나마 노인 일자리로 버텼는데...취업자 증가폭, 13개월 만에 최저",https://www.mk.co.kr/news/economy/11959310
[속보] 청년 취업 비상등…1월 취업자 10만8천명↑ 13개월만 최소 증가,https://www.mk.co.kr/news/economy/11959224
사상최대 수출에 “이게 맞나” 되묻는 이유…10대기업이 4할 독차지,https://www.mk.co.kr/news/economy/11959201
“일자리 구해주면 연봉 10% 떼줄게요”…구직자가 돈 쓰는 미국,https://www.mk.co.kr/news/economy/11959135
"“엄연한 사생활 침해”…납세자연맹, 차은우 과세정보 유출자 고발",https://www.mk.co.kr/news/economy/11959096
“내 월급 빼고 다 오른다더니”…중고생 평균 세뱃돈 10만원,https://www.mk.co.kr/news/economy/11959083
"하츠, 학동역에 보쉬 가전 쇼룸 오픈",https://www.mk.co.kr/news/economy/11959070
'농어촌 기본소득' 받으려면 … 주3일 이상 실거주는 필수,https://www.mk.co.kr/news/economy/11958962
"""고맙다 반도체 초호황"" 작년 법인세 22조 '쑥'",https://www.mk.co.kr/news/economy/11958960
수출도 K자 성장 … 10대 기업이 40% 차지,https://www.mk.co.kr/news/economy/11958958
"“중국보다 80만원 저렴해요”…전세계 최대규모 ‘이곳’, 매일 줄 선다는데 [현장]",https://www.mk.co.kr/news/economy/11958935
"드디어, 방구석 탈출 기회 온듯…기업 10곳 중 7곳 “올해 신입채용 계획”",https://www.mk.co.kr/news/economy/11958884
독과점하고 담합해 물가 올려놓고선…식품업계는 아직까지 ‘눈치싸움’,https://www.mk.co.kr/news/business/11958818
"한은 총재 “초고령사회, 사회적 부담이 아닌 산업적 기회로 봐야”",https://www.mk.co.kr/news/economy/11958784
다주택양도세 보완대책 12일 공식발표·입법예고,https://www.mk.co.kr/news/economy/11958781
"“생애말기 64만명 시대, 대도시 병원에 화장장 설치”…초고령사회 파격 제안",https://www.mk.co.kr/news/economy/11958760
"역세권·학세권 아파트, 세금 더 내나…국토부, 공시가 반영 연구 용역",https://www.mk.co.kr/news/economy/11958681
"가락시장 도매시장법인들, 샤인머스켓 1만상자 이웃에 기부",https://www.mk.co.kr/news/economy/11958621
고물가로 지탱된 성장률의 역설…집값 개혁 환경 만들었다 [나기자의 데이터로 세상읽기],https://www.mk.co.kr/news/economy/11957900
"전국 혁신센터가 함께 닦은 ‘혁신 고속도로’, 딥테크 밸류업의 현재와 미래",https://www.mk.co.kr/news/economy/11958530
"버거 값 오른다…버거킹, 12일부터 와퍼 200원 인상",https://www.mk.co.kr/news/economy/11958487
"코인거래소 규제, 번지수 잘못 짚었다 [매경포럼]",https://www.mk.co.kr/news/economy/11958456
